Workbook

Sheet 说明
A1: 大成都青少年足球培训机构数据库
A2: 版本 v0.2 · 编制：2026-10 · 青训相关机构 138 条 · 足球场馆 100 处
A4: 统计年份 | B4: 2026 | C4: ← 可修改的参数（蓝字黄底）
A5: 大型 · 学员≥ | B5: 500
A6: 大型 · 或教练≥ | B6: 20
A7: 中型 · 学员≥ | B7: 100
A8: 中型 · 或教练≥ | B8: 6
A10: 收录范围 | B10: 成都市 12 区 5 市 3 县及高新区、天府新区、东部新区内，开展青少年足球培训的机构：商业培训机构、业余/职业俱乐部青训、海外品牌青训分校、开展青训的协会、提供青少年课程的场馆运营方。连锁品牌按校区分列。
A11: 数据来源 | B11: ① 360地图公开地点检索（按 23 个区县 × 14 个关键词逐一检索，约 340 次查询），取得机构名称、区县、地址、电话；② 活动网（huodong.com）成都足球场馆列表，仅取名称、区县、地址，不采用其页面上的通用性价格/教练描述；③ 公开网页检索（新闻、百科、机构官网、教育宝等）补充成立年份、教练、学员、荣誉、风险信息。每条均附来源。
A12: 重要限制 | B12: 大众点评、美团、抖音、小红书需要登录或有人机验证，企查查/天眼查有反爬验证，成都市体育局网站拒绝访问——本库未绕过这些限制，因此平台评分、评价数、参保人数基本缺失；地图收录的机构中，部分可能是成人业余球队或单纯场地，已在“青训业务”列标注“待核实”。标黄单元格为待采集字段。
A13: 青训业务 | B13: 已证实（有来源）= 来源明确提到青少年培训/梯队；名称显示青少年业务 = 名称含少儿/青训/学院等，待核实；待核实 = 仅地图收录、名称未体现青少年业务，可能为成人业余球队；协会 = 区县足协等。
A14: 零编造原则 | B14: 所有数值均来自所附来源；来源未写明的一律留空，未做任何估算。
A15: 运营年限 | B15: 公式 = 统计年份 − 成立年份（成立年份为空时留空）。
A16: 规模等级 | B16: 公式：学员数或教练员数达到上方阈值即判为大型/中型，否则小型；两项都为空时留空。阈值可在本页 B5–B8 修改。
A17: 可信度 | B17: 高 = 官方或权威媒体来源且信息一致；中 = 单一媒体/机构自述；低 = 信息零散或可能已变更，需电话核实。
A18: 运营状态 | B18: 运营中 = 近年来源显示在运营；现状未知 = 仅有较早资料；规划（未见运营）；已停业（保留作风险提示）；待核实 = 来源未说明。
A19: 数据时效 | B19: 部分数值来自较早年份的报道（已在“规模说明/备注”中注明年份），使用前请核实。
A21: 建议补采路径 | B21: ① 成都市及各区体育局官网《校外体育培训机构白名单》，最权威、最全的名录来源；② 大众点评/美团搜索“青少年足球”“儿童足球”，按区筛选，记录评分、评价数、地址、电话；③ 抖音/小红书搜索机构名，记录粉丝数与口碑；④ 企查查/天眼查查询成立日期、注册资本、参保人数（参保人数可近似反映教练员规模）；⑤ 电话或实地核实学员数。
A22: 表格结构 | B22: 「汇总」按区、按类型统计；「全部机构」为总表（可筛选）；「足球场馆」为可能承接青训课程/赛事的场地（参考）；其后每个区（市县）一张分表。
A25: 图例 | B25: 黄底空白 = 待采集字段

Sheet 汇总
A1: 区（市县） | B1: 合计 | C1: 培训机构 | D1: 业余俱乐部 | E1: 职业俱乐部青训 | F1: 海外青训分校 | G1: 协会 | H1: 场馆运营方 | I1: 其他 | J1: 有电话 | K1: 有成立年份 | L1: 有评分 | M1: 青训已证实
A2: 锦江区 | B2: =COUNTIFS(全部机构!$B$2:$B$139,$A2) -> 10 | C2: =COUNTIFS(全部机构!$B$2:$B$139,$A2,全部机构!$E$2:$E$139,"培训机构") -> 4 | D2: =COUNTIFS(全部机构!$B$2:$B$139,$A2,全部机构!$E$2:$E$139,"业余俱乐部") -> 5 | E2: =COUNTIFS(全部机构!$B$2:$B$139,$A2,全部机构!$E$2:$E$139,"职业俱乐部青训") -> 1 | F2: =COUNTIFS(全部机构!$B$2:$B$139,$A2,全部机构!$E$2:$E$139,"海外青训分校") -> 0 | G2: =COUNTIFS(全部机构!$B$2:$B$139,$A2,全部机构!$E$2:$E$139,"协会") -> 0 | H2: =COUNTIFS(全部机构!$B$2:$B$139,$A2,全部机构!$E$2:$E$139,"场馆运营方") -> 0 | I2: =COUNTIFS(全部机构!$B$2:$B$139,$A2,全部机构!$E$2:$E$139,"其他") -> 0 | J2: =COUNTIFS(全部机构!$B$2:$B$139,$A2,全部机构!$J$2:$J$139,"<>") -> 5 | K2: =COUNTIFS(全部机构!$B$2:$B$139,$A2,全部机构!$L$2:$L$139,"<>") -> 1 | L2: =COUNTIFS(全部机构!$B$2:$B$139,$A2,全部机构!$U$2:$U$139,"<>")+COUNTIFS(全部机构!$B$2:$B$139,$A2,全部机构!$V$2:$V$139,"<>")+COUNTIFS(全部机构!$B$2:$B$139,$A2,全部机构!$W$2:$W$139,"<>") -> 1 | M2: =COUNTIFS(全部机构!$B$2:$B$139,$A2,全部机构!$F$2:$F$139,"已证实（有来源）") -> 3
A3: 青羊区 | B3: =COUNTIFS(全部机构!$B$2:$B$139,$A3) -> 9 | C3: =COUNTIFS(全部机构!$B$2:$B$139,$A3,全部机构!$E$2:$E$139,"培训机构") -> 3 | D3: =COUNTIFS(全部机构!$B$2:$B$139,$A3,全部机构!$E$2:$E$139,"业余俱乐部") -> 4 | E3: =COUNTIFS(全部机构!$B$2:$B$139,$A3,全部机构!$E$2:$E$139,"职业俱乐部青训") -> 0 | F3: =COUNTIFS(全部机构!$B$2:$B$139,$A3,全部机构!$E$2:$E$139,"海外青训分校") -> 0 | G3: =COUNTIFS(全部机构!$B$2:$B$139,$A3,全部机构!$E$2:$E$139,"协会") -> 0 | H3: =COUNTIFS(全部机构!$B$2:$B$139,$A3,全部机构!$E$2:$E$139,"场馆运营方") -> 2 | I3: =COUNTIFS(全部机构!$B$2:$B$139,$A3,全部机构!$E$2:$E$139,"其他") -> 0 | J3: =COUNTIFS(全部机构!$B$2:$B$139,$A3,全部机构!$J$2:$J$139,"<>") -> 3 | K3: =COUNTIFS(全部机构!$B$2:$B$139,$A3,全部机构!$L$2:$L$139,"<>") -> 1 | L3: =COUNTIFS(全部机构!$B$2:$B$139,$A3,全部机构!$U$2:$U$139,"<>")+COUNTIFS(全部机构!$B$2:$B$139,$A3,全部机构!$V$2:$V$139,"<>")+COUNTIFS(全部机构!$B$2:$B$139,$A3,全部机构!$W$2:$W$139,"<>") -> 0 | M3: =COUNTIFS(全部机构!$B$2:$B$139,$A3,全部机构!$F$2:$F$139,"已证实（有来源）") -> 4
A4: 金牛区 | B4: =COUNTIFS(全部机构!$B$2:$B$139,$A4) -> 6 | C4: =COUNTIFS(全部机构!$B$2:$B$139,$A4,全部机构!$E$2:$E$139,"培训机构") -> 3 | D4: =COUNTIFS(全部机构!$B$2:$B$139,$A4,全部机构!$E$2:$E$139,"业余俱乐部") -> 2 | E4: =COUNTIFS(全部机构!$B$2:$B$139,$A4,全部机构!$E$2:$E$139,"职业俱乐部青训") -> 0 | F4: =COUNTIFS(全部机构!$B$2:$B$139,$A4,全部机构!$E$2:$E$139,"海外青训分校") -> 0 | G4: =COUNTIFS(全部机构!$B$2:$B$139,$A4,全部机构!$E$2:$E$139,"协会") -> 1 | H4: =COUNTIFS(全部机构!$B$2:$B$139,$A4,全部机构!$E$2:$E$139,"场馆运营方") -> 0 | I4: =COUNTIFS(全部机构!$B$2:$B$139,$A4,全部机构!$E$2:$E$139,"其他") -> 0 | J4: =COUNTIFS(全部机构!$B$2:$B$139,$A4,全部机构!$J$2:$J$139,"<>") -> 0 | K4: =COUNTIFS(全部机构!$B$2:$B$139,$A4,全部机构!$L$2:$L$139,"<>") -> 0 | L4: =COUNTIFS(全部机构!$B$2:$B$139,$A4,全部机构!$U$2:$U$139,"<>")+COUNTIFS(全部机构!$B$2:$B$139,$A4,全部机构!$V$2:$V$139,"<>")+COUNTIFS(全部机构!$B$2:$B$139,$A4,全部机构!$W$2:$W$139,"<>") -> 0 | M4: =COUNTIFS(全部机构!$B$2:$B$139,$A4,全部机构!$F$2:$F$139,"已证实（有来源）") -> 3
A5: 武侯区 | B5: =COUNTIFS(全部机构!$B$2:$B$139,$A5) -> 14 | C5: =COUNTIFS(全部机构!$B$2:$B$139,$A5,全部机构!$E$2:$E$139,"培训机构") -> 6 | D5: =COUNTIFS(全部机构!$B$2:$B$139,$A5,全部机构!$E$2:$E$139,"业余俱乐部") -> 7 | E5: =COUNTIFS(全部机构!$B$2:$B$139,$A5,全部机构!$E$2:$E$139,"职业俱乐部青训") -> 0 | F5: =COUNTIFS(全部机构!$B$2:$B$139,$A5,全部机构!$E$2:$E$139,"海外青训分校") -> 0 | G5: =COUNTIFS(全部机构!$B$2:$B$139,$A5,全部机构!$E$2:$E$139,"协会") -> 0 | H5: =COUNTIFS(全部机构!$B$2:$B$139,$A5,全部机构!$E$2:$E$139,"场馆运营方") -> 1 | I5: =COUNTIFS(全部机构!$B$2:$B$139,$A5,全部机构!$E$2:$E$139,"其他") -> 0 | J5: =COUNTIFS(全部机构!$B$2:$B$139,$A5,全部机构!$J$2:$J$139,"<>") -> 4 | K5: =COUNTIFS(全部机构!$B$2:$B$139,$A5,全部机构!$L$2:$L$139,"<>") -> 3 | L5: =COUNTIFS(全部机构!$B$2:$B$139,$A5,全部机构!$U$2:$U$139,"<>")+COUNTIFS(全部机构!$B$2:$B$139,$A5,全部机构!$V$2:$V$139,"<>")+COUNTIFS(全部机构!$B$2:$B$139,$A5,全部机构!$W$2:$W$139,"<>") -> 0 | M5: =COUNTIFS(全部机构!$B$2:$B$139,$A5,全部机构!$F$2:$F$139,"已证实（有来源）") -> 3
A6: 成华区 | B6: =COUNTIFS(全部机构!$B$2:$B$139,$A6) -> 8 | C6: =COUNTIFS(全部机构!$B$2:$B$139,$A6,全部机构!$E$2:$E$139,"培训机构") -> 2 | D6: =COUNTIFS(全部机构!$B$2:$B$139,$A6,全部机构!$E$2:$E$139,"业余俱乐部") -> 6 | E6: =COUNTIFS(全部机构!$B$2:$B$139,$A6,全部机构!$E$2:$E$139,"职业俱乐部青训") -> 0 | F6: =COUNTIFS(全部机构!$B$2:$B$139,$A6,全部机构!$E$2:$E$139,"海外青训分校") -> 0 | G6: =COUNTIFS(全部机构!$B$2:$B$139,$A6,全部机构!$E$2:$E$139,"协会") -> 0 | H6: =COUNTIFS(全部机构!$B$2:$B$139,$A6,全部机构!$E$2:$E$139,"场馆运营方") -> 0 | I6: =COUNTIFS(全部机构!$B$2:$B$139,$A6,全部机构!$E$2:$E$139,"其他") -> 0 | J6: =COUNTIFS(全部机构!$B$2:$B$139,$A6,全部机构!$J$2:$J$139,"<>") -> 3 | K6: =COUNTIFS(全部机构!$B$2:$B$139,$A6,全部机构!$L$2:$L$139,"<>") -> 0 | L6: =COUNTIFS(全部机构!$B$2:$B$139,$A6,全部机构!$U$2:$U$139,"<>")+COUNTIFS(全部机构!$B$2:$B$139,$A6,全部机构!$V$2:$V$139,"<>")+COUNTIFS(全部机构!$B$2:$B$139,$A6,全部机构!$W$2:$W$139,"<>") -> 1 | M6: =COUNTIFS(全部机构!$B$2:$B$139,$A6,全部机构!$F$2:$F$139,"已证实（有来源）") -> 2
A7: 高新区 | B7: =COUNTIFS(全部机构!$B$2:$B$139,$A7) -> 5 | C7: =COUNTIFS(全部机构!$B$2:$B$139,$A7,全部机构!$E$2:$E$139,"培训机构") -> 4 | D7: =COUNTIFS(全部机构!$B$2:$B$139,$A7,全部机构!$E$2:$E$139,"业余俱乐部") -> 0 | E7: =COUNTIFS(全部机构!$B$2:$B$139,$A7,全部机构!$E$2:$E$139,"职业俱乐部青训") -> 0 | F7: =COUNTIFS(全部机构!$B$2:$B$139,$A7,全部机构!$E$2:$E$139,"海外青训分校") -> 1 | G7: =COUNTIFS(全部机构!$B$2:$B$139,$A7,全部机构!$E$2:$E$139,"协会") -> 0 | H7: =COUNTIFS(全部机构!$B$2:$B$139,$A7,全部机构!$E$2:$E$139,"场馆运营方") -> 0 | I7: =COUNTIFS(全部机构!$B$2:$B$139,$A7,全部机构!$E$2:$E$139,"其他") -> 0 | J7: =COUNTIFS(全部机构!$B$2:$B$139,$A7,全部机构!$J$2:$J$139,"<>") -> 0 | K7: =COUNTIFS(全部机构!$B$2:$B$139,$A7,全部机构!$L$2:$L$139,"<>") -> 0 | L7: =COUNTIFS(全部机构!$B$2:$B$139,$A7,全部机构!$U$2:$U$139,"<>")+COUNTIFS(全部机构!$B$2:$B$139,$A7,全部机构!$V$2:$V$139,"<>")+COUNTIFS(全部机构!$B$2:$B$139,$A7,全部机构!$W$2:$W$139,"<>") -> 0 | M7: =COUNTIFS(全部机构!$B$2:$B$139,$A7,全部机构!$F$2:$F$139,"已证实（有来源）") -> 4
A8: 天府新区 | B8: =COUNTIFS(全部机构!$B$2:$B$139,$A8) -> 9 | C8: =COUNTIFS(全部机构!$B$2:$B$139,$A8,全部机构!$E$2:$E$139,"培训机构") -> 3 | D8: =COUNTIFS(全部机构!$B$2:$B$139,$A8,全部机构!$E$2:$E$139,"业余俱乐部") -> 3 | E8: =COUNTIFS(全部机构!$B$2:$B$139,$A8,全部机构!$E$2:$E$139,"职业俱乐部青训") -> 1 | F8: =COUNTIFS(全部机构!$B$2:$B$139,$A8,全部机构!$E$2:$E$139,"海外青训分校") -> 1 | G8: =COUNTIFS(全部机构!$B$2:$B$139,$A8,全部机构!$E$2:$E$139,"协会") -> 0 | H8: =COUNTIFS(全部机构!$B$2:$B$139,$A8,全部机构!$E$2:$E$139,"场馆运营方") -> 1 | I8: =COUNTIFS(全部机构!$B$2:$B$139,$A8,全部机构!$E$2:$E$139,"其他") -> 0 | J8: =COUNTIFS(全部机构!$B$2:$B$139,$A8,全部机构!$J$2:$J$139,"<>") -> 0 | K8: =COUNTIFS(全部机构!$B$2:$B$139,$A8,全部机构!$L$2:$L$139,"<>") -> 3 | L8: =COUNTIFS(全部机构!$B$2:$B$139,$A8,全部机构!$U$2:$U$139,"<>")+COUNTIFS(全部机构!$B$2:$B$139,$A8,全部机构!$V$2:$V$139,"<>")+COUNTIFS(全部机构!$B$2:$B$139,$A8,全部机构!$W$2:$W$139,"<>") -> 0 | M8: =COUNTIFS(全部机构!$B$2:$B$139,$A8,全部机构!$F$2:$F$139,"已证实（有来源）") -> 4
A9: 东部新区 | B9: =COUNTIFS(全部机构!$B$2:$B$139,$A9) -> 0 | C9: =COUNTIFS(全部机构!$B$2:$B$139,$A9,全部机构!$E$2:$E$139,"培训机构") -> 0 | D9: =COUNTIFS(全部机构!$B$2:$B$139,$A9,全部机构!$E$2:$E$139,"业余俱乐部") -> 0 | E9: =COUNTIFS(全部机构!$B$2:$B$139,$A9,全部机构!$E$2:$E$139,"职业俱乐部青训") -> 0 | F9: =COUNTIFS(全部机构!$B$2:$B$139,$A9,全部机构!$E$2:$E$139,"海外青训分校") -> 0 | G9: =COUNTIFS(全部机构!$B$2:$B$139,$A9,全部机构!$E$2:$E$139,"协会") -> 0 | H9: =COUNTIFS(全部机构!$B$2:$B$139,$A9,全部机构!$E$2:$E$139,"场馆运营方") -> 0 | I9: =COUNTIFS(全部机构!$B$2:$B$139,$A9,全部机构!$E$2:$E$139,"其他") -> 0 | J9: =COUNTIFS(全部机构!$B$2:$B$139,$A9,全部机构!$J$2:$J$139,"<>") -> 0 | K9: =COUNTIFS(全部机构!$B$2:$B$139,$A9,全部机构!$L$2:$L$139,"<>") -> 0 | L9: =COUNTIFS(全部机构!$B$2:$B$139,$A9,全部机构!$U$2:$U$139,"<>")+COUNTIFS(全部机构!$B$2:$B$139,$A9,全部机构!$V$2:$V$139,"<>")+COUNTIFS(全部机构!$B$2:$B$139,$A9,全部机构!$W$2:$W$139,"<>") -> 0 | M9: =COUNTIFS(全部机构!$B$2:$B$139,$A9,全部机构!$F$2:$F$139,"已证实（有来源）") -> 0
A10: 龙泉驿区 | B10: =COUNTIFS(全部机构!$B$2:$B$139,$A10) -> 6 | C10: =COUNTIFS(全部机构!$B$2:$B$139,$A10,全部机构!$E$2:$E$139,"培训机构") -> 0 | D10: =COUNTIFS(全部机构!$B$2:$B$139,$A10,全部机构!$E$2:$E$139,"业余俱乐部") -> 5 | E10: =COUNTIFS(全部机构!$B$2:$B$139,$A10,全部机构!$E$2:$E$139,"职业俱乐部青训") -> 0 | F10: =COUNTIFS(全部机构!$B$2:$B$139,$A10,全部机构!$E$2:$E$139,"海外青训分校") -> 0 | G10: =COUNTIFS(全部机构!$B$2:$B$139,$A10,全部机构!$E$2:$E$139,"协会") -> 1 | H10: =COUNTIFS(全部机构!$B$2:$B$139,$A10,全部机构!$E$2:$E$139,"场馆运营方") -> 0 | I10: =COUNTIFS(全部机构!$B$2:$B$139,$A10,全部机构!$E$2:$E$139,"其他") -> 0 | J10: =COUNTIFS(全部机构!$B$2:$B$139,$A10,全部机构!$J$2:$J$139,"<>") -> 0 | K10: =COUNTIFS(全部机构!$B$2:$B$139,$A10,全部机构!$L$2:$L$139,"<>") -> 1 | L10: =COUNTIFS(全部机构!$B$2:$B$139,$A10,全部机构!$U$2:$U$139,"<>")+COUNTIFS(全部机构!$B$2:$B$139,$A10,全部机构!$V$2:$V$139,"<>")+COUNTIFS(全部机构!$B$2:$B$139,$A10,全部机构!$W$2:$W$139,"<>") -> 0 | M10: =COUNTIFS(全部机构!$B$2:$B$139,$A10,全部机构!$F$2:$F$139,"已证实（有来源）") -> 1
A11: 青白江区 | B11: =COUNTIFS(全部机构!$B$2:$B$139,$A11) -> 1 | C11: =COUNTIFS(全部机构!$B$2:$B$139,$A11,全部机构!$E$2:$E$139,"培训机构") -> 0 | D11: =COUNTIFS(全部机构!$B$2:$B$139,$A11,全部机构!$E$2:$E$139,"业余俱乐部") -> 0 | E11: =COUNTIFS(全部机构!$B$2:$B$139,$A11,全部机构!$E$2:$E$139,"职业俱乐部青训") -> 0 | F11: =COUNTIFS(全部机构!$B$2:$B$139,$A11,全部机构!$E$2:$E$139,"海外青训分校") -> 0 | G11: =COUNTIFS(全部机构!$B$2:$B$139,$A11,全部机构!$E$2:$E$139,"协会") -> 1 | H11: =COUNTIFS(全部机构!$B$2:$B$139,$A11,全部机构!$E$2:$E$139,"场馆运营方") -> 0 | I11: =COUNTIFS(全部机构!$B$2:$B$139,$A11,全部机构!$E$2:$E$139,"其他") -> 0 | J11: =COUNTIFS(全部机构!$B$2:$B$139,$A11,全部机构!$J$2:$J$139,"<>") -> 0 | K11: =COUNTIFS(全部机构!$B$2:$B$139,$A11,全部机构!$L$2:$L$139,"<>") -> 0 | L11: =COUNTIFS(全部机构!$B$2:$B$139,$A11,全部机构!$U$2:$U$139,"<>")+COUNTIFS(全部机构!$B$2:$B$139,$A11,全部机构!$V$2:$V$139,"<>")+COUNTIFS(全部机构!$B$2:$B$139,$A11,全部机构!$W$2:$W$139,"<>") -> 0 | M11: =COUNTIFS(全部机构!$B$2:$B$139,$A11,全部机构!$F$2:$F$139,"已证实（有来源）") -> 0
A12: 新都区 | B12: =COUNTIFS(全部机构!$B$2:$B$139,$A12) -> 6 | C12: =COUNTIFS(全部机构!$B$2:$B$139,$A12,全部机构!$E$2:$E$139,"培训机构") -> 2 | D12: =COUNTIFS(全部机构!$B$2:$B$139,$A12,全部机构!$E$2:$E$139,"业余俱乐部") -> 4 | E12: =COUNTIFS(全部机构!$B$2:$B$139,$A12,全部机构!$E$2:$E$139,"职业俱乐部青训") -> 0 | F12: =COUNTIFS(全部机构!$B$2:$B$139,$A12,全部机构!$E$2:$E$139,"海外青训分校") -> 0 | G12: =COUNTIFS(全部机构!$B$2:$B$139,$A12,全部机构!$E$2:$E$139,"协会") -> 0 | H12: =COUNTIFS(全部机构!$B$2:$B$139,$A12,全部机构!$E$2:$E$139,"场馆运营方") -> 0 | I12: =COUNTIFS(全部机构!$B$2:$B$139,$A12,全部机构!$E$2:$E$139,"其他") -> 0 | J12: =COUNTIFS(全部机构!$B$2:$B$139,$A12,全部机构!$J$2:$J$139,"<>") -> 1 | K12: =COUNTIFS(全部机构!$B$2:$B$139,$A12,全部机构!$L$2:$L$139,"<>") -> 2 | L12: =COUNTIFS(全部机构!$B$2:$B$139,$A12,全部机构!$U$2:$U$139,"<>")+COUNTIFS(全部机构!$B$2:$B$139,$A12,全部机构!$V$2:$V$139,"<>")+COUNTIFS(全部机构!$B$2:$B$139,$A12,全部机构!$W$2:$W$139,"<>") -> 0 | M12: =COUNTIFS(全部机构!$B$2:$B$139,$A12,全部机构!$F$2:$F$139,"已证实（有来源）") -> 3
A13: 温江区 | B13: =COUNTIFS(全部机构!$B$2:$B$139,$A13) -> 7 | C13: =COUNTIFS(全部机构!$B$2:$B$139,$A13,全部机构!$E$2:$E$139,"培训机构") -> 0 | D13: =COUNTIFS(全部机构!$B$2:$B$139,$A13,全部机构!$E$2:$E$139,"业余俱乐部") -> 2 | E13: =COUNTIFS(全部机构!$B$2:$B$139,$A13,全部机构!$E$2:$E$139,"职业俱乐部青训") -> 0 | F13: =COUNTIFS(全部机构!$B$2:$B$139,$A13,全部机构!$E$2:$E$139,"海外青训分校") -> 0 | G13: =COUNTIFS(全部机构!$B$2:$B$139,$A13,全部机构!$E$2:$E$139,"协会") -> 3 | H13: =COUNTIFS(全部机构!$B$2:$B$139,$A13,全部机构!$E$2:$E$139,"场馆运营方") -> 1 | I13: =COUNTIFS(全部机构!$B$2:$B$139,$A13,全部机构!$E$2:$E$139,"其他") -> 1 | J13: =COUNTIFS(全部机构!$B$2:$B$139,$A13,全部机构!$J$2:$J$139,"<>") -> 0 | K13: =COUNTIFS(全部机构!$B$2:$B$139,$A13,全部机构!$L$2:$L$139,"<>") -> 0 | L13: =COUNTIFS(全部机构!$B$2:$B$139,$A13,全部机构!$U$2:$U$139,"<>")+COUNTIFS(全部机构!$B$2:$B$139,$A13,全部机构!$V$2:$V$139,"<>")+COUNTIFS(全部机构!$B$2:$B$139,$A13,全部机构!$W$2:$W$139,"<>") -> 0 | M13: =COUNTIFS(全部机构!$B$2:$B$139,$A13,全部机构!$F$2:$F$139,"已证实（有来源）") -> 1
... A25: 全市/多区 | B25: =COUNTIFS(全部机构!$B$2:$B$139,$A25) -> 14 | C25: =COUNTIFS(全部机构!$B$2:$B$139,$A25,全部机构!$E$2:$E$139,"培训机构") -> 5 | D25: =COUNTIFS(全部机构!$B$2:$B$139,$A25,全部机构!$E$2:$E$139,"业余俱乐部") -> 1 | E25: =COUNTIFS(全部机构!$B$2:$B$139,$A25,全部机构!$E$2:$E$139,"职业俱乐部青训") -> 1 | F25: =COUNTIFS(全部机构!$B$2:$B$139,$A25,全部机构!$E$2:$E$139,"海外青训分校") -> 4 | G25: =COUNTIFS(全部机构!$B$2:$B$139,$A25,全部机构!$E$2:$E$139,"协会") -> 2 | H25: =COUNTIFS(全部机构!$B$2:$B$139,$A25,全部机构!$E$2:$E$139,"场馆运营方") -> 0 | I25: =COUNTIFS(全部机构!$B$2:$B$139,$A25,全部机构!$E$2:$E$139,"其他") -> 1 | J25: =COUNTIFS(全部机构!$B$2:$B$139,$A25,全部机构!$J$2:$J$139,"<>") -> 0 | K25: =COUNTIFS(全部机构!$B$2:$B$139,$A25,全部机构!$L$2:$L$139,"<>") -> 6 | L25: =COUNTIFS(全部机构!$B$2:$B$139,$A25,全部机构!$U$2:$U$139,"<>")+COUNTIFS(全部机构!$B$2:$B$139,$A25,全部机构!$V$2:$V$139,"<>")+COUNTIFS(全部机构!$B$2:$B$139,$A25,全部机构!$W$2:$W$139,"<>") -> 0 | M25: =COUNTIFS(全部机构!$B$2:$B$139,$A25,全部机构!$F$2:$F$139,"已证实（有来源）") -> 11
A26: 合计 | B26: =SUM(B2:B25) -> 138 | C26: =SUM(C2:C25) -> 41 | D26: =SUM(D2:D25) -> 54 | E26: =SUM(E2:E25) -> 4 | F26: =SUM(F2:F25) -> 6 | G26: =SUM(G2:G25) -> 17 | H26: =SUM(H2:H25) -> 9 | I26: =SUM(I2:I25) -> 7 | ... M26: =SUM(M2:M25) -> 49
A28: 注：类型以来源描述归类；“有电话/有成立年份/有评分”用于显示各区信息完整度。

Sheet 全部机构
A1: 序号 | B1: 区（市县） | C1: 机构名称 | D1: 品牌/所属 | E1: 机构类型 | F1: 青训业务 | G1: 运营状态 | H1: 公司/法人名称 | I1: 训练地址 | J1: 联系电话 | K1: 其他联系方式 | L1: 成立年份 | M1: 运营年限（年） | N1: 运营年限说明 | O1: 教练员数量 | P1: 学员数量 | Q1: 校区/场地数 | R1: 规模等级 | S1: 规模说明 | T1: 招生年龄 | U1: 大众点评评分 | V1: 美团评分 | W1: 其他平台评分 | X1: 收费信息 | Y1: 荣誉/资质 | Z1: 信息来源 | AA1: 可信度 | AB1: 待核实/备注
A2: 1 | B2: 锦江区 | C2: 四川省宇晖仁德足球俱乐部（卡尔美·成都仁德足球青训基地） | D2: 仁德足球 | E2: 业余俱乐部 | F2: 已证实（有来源） | G2: 待核实 | H2: 四川省宇晖仁德体育文化传播有限责任公司（关联待确认） | I2: 三环路东一段附近 | J2: +86-15114062861 | K2: 官网 http://www.yhrdty.com | L2: 2015 | M2: =IF(L2="","",说明!$B$4-L2) -> 11 | N2: 公司2015-03-05成立（企查查）；注册资本200万元；法定代表人马明宇 | P2: 200 | Q2: 卡尔美成都仁德足球青训基地；锦江仁德足球主题公园 | R2: =IF(AND(P2="",O2=""),"",IF(OR(N(P2)>=说明!$B$5,N(O2)>=说明!$B$6),"大型",IF(OR(N(P2)>=说明!$B$7,N(O2)>=说明!$B$8),"中型","小型"))) -> 中型 | S2: 向锦江、成华、武侯等区学校派驻教练；长期学员约200名（百度百科，年份未注明）；拥有14块标准场地（四川省体育局2020年报道） | T2: 4–18岁 | Y2: 2018雪佛兰全国少儿足球冠军赛成都赛区冠军 | Z2: http://www.yhrdty.com/index.php?m=content&c=index&a=lists&catid=19 https://www.thecfa.cn/cgzq/20190114/26088.html 360地图 POI（restapi.map.so.com） https://huodong.com/venue/detail/tktmlk https://m.qcc.com/firm/3bac3d95ecf684438bd98491320d4a5c.html https://tyj.sc.gov.cn/sctyj/TYaddN/2020/9/14/9855f7280b6649d3bcbf0dd0560f9629.shtml https://baike.baidu.com/item/%E5%9B%9B%E5%B7%9D%E5%AE%87%E6%99%96%E4%BB%81%E5%BE%B7%E8%B6%B3%E7%90%83%E4%BF%B1%E4%B9%90%E9%83%A8/64016151 | AA2: 中 | AB2: 所在区为推断
A3: 2 | B3: 锦江区 | C3: 之己体育迈浪足球学院（锦江店） | D3: 之己体育 / 迈浪足球 | E3: 培训机构 | F3: 已证实（有来源） | G3: 待核实 | I3: 锦江区动感熊猫体育公园内 | J3: 18980068009 | M3: =IF(L3="","",说明!$B$4-L3) | Q3: 锦江店 | R3: =IF(AND(P3="",O3=""),"",IF(OR(N(P3)>=说明!$B$5,N(O3)>=说明!$B$6),"大型",IF(OR(N(P3)>=说明!$B$7,N(O3)>=说明!$B$8),"中型","小型"))) | S3: 5人制、7人制人造草场地 | Z3: https://huodong.com/venue/detail/eyLaq https://huodong.com/venue/detail/qhispx | AA3: 低
A4: 3 | B4: 锦江区 | C4: 索福德青少儿快乐足球培训 | D4: 索福德 | E4: 培训机构 | F4: 已证实（有来源） | G4: 待核实 | I4: 锦江区晨辉西路56号足球公园园区内 | K4: 网站 soccerworld.cn | M4: =IF(L4="","",说明!$B$4-L4) | Q4: 锦江区晨辉西路56号足球公园园区内配套1号办公房屋 | R4: =IF(AND(P4="",O4=""),"",IF(OR(N(P4)>=说明!$B$5,N(O4)>=说明!$B$6),"大型",IF(OR(N(P4)>=说明!$B$7,N(O4)>=说明!$B$8),"中型","小型"))) | W4: 3.0（教育宝（口碑值）） | Z4: https://cd.jiaoyubao.cn/zuqiu/ https://s.jiaoyubao.cn/do/?c=cd&classename=qiulei&k=%E5%B0%91%E5%84%BF | AA4: 低
A5: 4 | B5: 锦江区 | C5: 大牛青少年足球俱乐部 | D5: 大牛青少年足球俱乐部 | E5: 业余俱乐部 | F5: 名称显示青少年业务（待核实） | G5: 运营中（平台收录） | M5: =IF(L5="","",说明!$B$4-L5) | R5: =IF(AND(P5="",O5=""),"",IF(OR(N(P5)>=说明!$B$5,N(O5)>=说明!$B$6),"大型",IF(OR(N(P5)>=说明!$B$7,N(O5)>=说明!$B$8),"中型","小型"))) | Z5: https://huodong.com/venue/detail/yqnohb | AA5: 低
A6: 5 | B6: 锦江区 | C6: 圣斯顿足球俱乐部 | D6: 圣斯顿足球俱乐部 | E6: 业余俱乐部 | F6: 待核实（可能为成人业余球队/场地） | G6: 运营中（平台收录） | M6: =IF(L6="","",说明!$B$4-L6) | R6: =IF(AND(P6="",O6=""),"",IF(OR(N(P6)>=说明!$B$5,N(O6)>=说明!$B$6),"大型",IF(OR(N(P6)>=说明!$B$7,N(O6)>=说明!$B$8),"中型","小型"))) | Z6: https://huodong.com/venue/detail/zbwuqj | AA6: 低
A7: 6 | B7: 锦江区 | C7: 天际线足球俱乐部 | D7: 天际线足球俱乐部 | E7: 业余俱乐部 | F7: 待核实（可能为成人业余球队/场地） | G7: 运营中（地图收录） | I7: 成都市锦江区琉新路301号 | J7: 18628004621 | M7: =IF(L7="","",说明!$B$4-L7) | R7: =IF(AND(P7="",O7=""),"",IF(OR(N(P7)>=说明!$B$5,N(O7)>=说明!$B$6),"大型",IF(OR(N(P7)>=说明!$B$7,N(O7)>=说明!$B$8),"中型","小型"))) | Z7: 360地图 POI（restapi.map.so.com） | AA7: 中
A8: 7 | B8: 锦江区 | C8: 跃九天足球俱乐部 | D8: 跃九天足球俱乐部 | E8: 业余俱乐部 | F8: 待核实（可能为成人业余球队/场地） | G8: 运营中（平台收录） | M8: =IF(L8="","",说明!$B$4-L8) | R8: =IF(AND(P8="",O8=""),"",IF(OR(N(P8)>=说明!$B$5,N(O8)>=说明!$B$6),"大型",IF(OR(N(P8)>=说明!$B$7,N(O8)>=说明!$B$8),"中型","小型"))) | Z8: https://huodong.com/venue/detail/rdcpde | AA8: 低
A9: 8 | B9: 锦江区 | C9: 众禾足球俱乐部 | D9: 众禾足球 | E9: 培训机构 | F9: 待核实（来源未证实青训业务） | G9: 待核实 | I9: 锦江区 众禾双桥子足球公园（环球汇·天誉）；另见静思南巷与中环路锦绣大道段交叉口 | M9: =IF(L9="","",说明!$B$4-L9) | R9: =IF(AND(P9="",O9=""),"",IF(OR(N(P9)>=说明!$B$5,N(O9)>=说明!$B$6),"大型",IF(OR(N(P9)>=说明!$B$7,N(O9)>=说明!$B$8),"中型","小型"))) | S9: 参加第一届中国青少年足球联赛（四川赛区）U9并小组出线；场地地图列有“众禾双桥子足球公园”（关系未证实） | X9: 周末班、寒暑假集训 | Z9: https://huodong.com/venue/detail/eyLaA https://sichuan.scol.com.cn/ggxw/202302/58806642.html https://cd.jiaoyubao.cn/zuqiu/dt_z1910.html | AA9: 中 | AB9: 教育宝：暂无评分
A10: 9 | B10: 锦江区 | C10: 传奇足球梦工场 | D10: 传奇足球梦工场 | E10: 培训机构 | F10: 待核实（可能为成人业余球队/场地） | G10: 运营中（地图收录） | I10: 成都市锦江区桦彩路89号 | J10: 028-61112170 | M10: =IF(L10="","",说明!$B$4-L10) | R10: =IF(AND(P10="",O10=""),"",IF(OR(N(P10)>=说明!$B$5,N(O10)>=说明!$B$6),"大型",IF(OR(N(P10)>=说明!$B$7,N(O10)>=说明!$B$8),"中型","小型"))) | Z10: 360地图 POI（restapi.map.so.com） | AA10: 中
A11: 10 | B11: 锦江区 | C11: 绿轴兴城足球公园(训练基地) | D11: 绿轴兴城足球公园 | E11: 职业俱乐部青训 | F11: 待核实（可能为成人业余球队/场地） | G11: 运营中（地图收录） | I11: 成都市锦江区首开龙湖天璞东门东北 | J11: 18512871289 | M11: =IF(L11="","",说明!$B$4-L11) | R11: =IF(AND(P11="",O11=""),"",IF(OR(N(P11)>=说明!$B$5,N(O11)>=说明!$B$6),"大型",IF(OR(N(P11)>=说明!$B$7,N(O11)>=说明!$B$8),"中型","小型"))) | Z11: 360地图 POI（restapi.map.so.com） | AA11: 中 | AB11: 成都蓉城足球俱乐部训练基地（地图名称），是否对外开设青少年课程未知
A12: 11 | B12: 青羊区 | C12: 皇家贝里斯足球俱乐部（皇贝青训） | D12: 皇贝 | E12: 业余俱乐部 | F12: 已证实（有来源） | G12: 待核实 | I12: 青羊区贝森北路西村大院 | J12: 18080802014 | L12: 2013 | M12: =IF(L12="","",说明!$B$4-L12) -> 13 | N12: 百科称2013年底创立（另说2014年）；运营公司2016年5月成立 | P12: 5000 | Q12: 西村、光华、清波、桂溪、晨辉 5个校区（百度百科）；青羊区贝森北路1号西村大院 | R12: =IF(AND(P12="",O12=""),"",IF(OR(N(P12)>=说明!$B$5,N(O12)>=说明!$B$6),"大型",IF(OR(N(P12)>=说明!$B$7,N(O12)>=说明!$B$8),"中型","小型"))) -> 大型 | S12: 多支6–12岁梯队及兴趣班；累计学员5000余名（百度百科，2025）；约2017年调查：教练10余名 | T12: 6–12岁梯队 | X12: 较早调查：寒假班1280元（年份未标注） | Y12: 据称2019年获中国足协“全国社会足球品牌青训机构”认定（四川唯一）；青训总教练持亚足联A级；青训总教练张林海（原成都五牛主帅） | Z12: https://www.sohu.com/a/338252396_120288288 https://baike.baidu.com/item/%E7%9A%87%E5%AE%B6%E8%B4%9D%E9%87%8C%E6%96%AF%E8%B6%B3%E7%90%83%E4%BF%B1%E4%B9%90%E9%83%A8/16686556 https://m.dongqiudi.com/article/2144123.html 360地图 POI（restapi.map.so.com） http://www.dianping.com/shop/25035403/photos?pg=17 | AA12: 中 | AB12: 有门店页（西村校区），评分未显示
A13: 12 | B13: 青羊区 | C13: FF体育公园（FF足球公园 · 成都足协青少年足球培训中心） | D13: FF体育公园 / 成都足协 | E13: 场馆运营方 | F13: 已证实（有来源） | G13: 运营中 | I13: 成都市青羊区光华大道一段（万家湾公交总站旁） | J13: 028-86743798 | K13: 电话见中国足协官网成都青训中心页面 | M13: =IF(L13="","",说明!$B$4-L13) | Q13: 地图收录：FF足球公园卡丁车俱乐部（青羊区）成都市青羊区蔡桥街道光华8线与成飞大道交汇处万家福地西南角；地图收录：国家青少年足球训练中心（青羊区）成都市青羊区光华南三路88号正西方向180米 | R13: =IF(AND(P13="",O13=""),"",IF(OR(N(P13)>=说明!$B$5,N(O13)>=说明!$B$6),"大型",IF(OR(N(P13)>=说明!$B$7,N(O13)>=说明!$B$8),"中型","小型"))) | S13: 约80亩、投资约1.3亿元；5块五人制、4块八人制、2块十一人制场地；成都足协挂牌青少年足球培训中心、足球重点项目训练基地 | Y13: 中国足协2026年确定成都为大区青训中心（13–15岁，覆盖西南）；拉玛足球在此设校区 | Z13: https://www.thecfa.cn/qxunzx/20180903/24556.html https://m.dongqiudi.com/article/1654210.html https://sports.sina.cn/2026-08-18/detail-ininswmx7436499.d.html?vt=4 360地图 POI（restapi.map.so.com） | AA13: 中 | AB13: 电话为中国足协页面所列青训中心电话，数据时间较早；地图另列名称：国家青少年足球训练中心（青羊区）
A14: 13 | B14: 青羊区 | C14: 拉玛足球 · 青羊区校区（优品道、FF体育公园） | D14: 拉玛足球 | E14: 培训机构 | F14: 已证实（有来源） | G14: 待核实 | I14: 优品道：青羊大道99号优品广场；FF体育公园：光华大道一段 | M14: =IF(L14="","",说明!$B$4-L14) | Q14: 地图收录：成都拉玛足球俱乐部（青羊区）成都市青羊区青羊大道99号附1优品道广场4F | R14: =IF(AND(P14="",O14=""),"",IF(OR(N(P14)>=说明!$B$5,N(O14)>=说明!$B$6),"大型",IF(OR(N(P14)>=说明!$B$7,N(O14)>=说明!$B$8),"中型","小型"))) | Z14: https://m.youkee.com/xuexiao/lmzq_xiaoqu.html 360地图 POI（restapi.map.so.com） | AA14: 低
A15: 14 | B15: 青羊区 | C15: 花香青少年足球（青羊校区） | D15: 花香 | E15: 培训机构 | F15: 已证实（有来源） | G15: 风险：现状未知 | I15: 青羊区蜀辉路金沙国际商城 | M15: =IF(L15="","",说明!$B$4-L15) | R15: =IF(AND(P15="",O15=""),"",IF(OR(N(P15)>=说明!$B$5,N(O15)>=说明!$B$6),"大型",IF(OR(N(P15)>=说明!$B$7,N(O15)>=说明!$B$8),"中型","小型"))) | T15: 5–14岁 | Z15: https://m.youkee.com/kecheng/11810.html | AA15: 低 | AB15: 品牌母公司2024年北京闭店风波，见“花香盛世体育（品牌）”
A16: 15 | B16: 青羊区 | C16: 中达舒弘青少年足球运动俱乐部(光华校区) | D16: 中达舒弘青少年足球运动俱乐部 | E16: 业余俱乐部 | F16: 名称显示青少年业务（待核实） | G16: 运营中（平台收录） | M16: =IF(L16="","",说明!$B$4-L16) | R16: =IF(AND(P16="",O16=""),"",IF(OR(N(P16)>=说明!$B$5,N(O16)>=说明!$B$6),"大型",IF(OR(N(P16)>=说明!$B$7,N(O16)>=说明!$B$8),"中型","小型"))) | Z16: https://huodong.com/venue/detail/hylemk | AA16: 低
A17: 16 | B17: 青羊区 | C17: 青羊区青少年足球训练基地 | D17: 青羊区青少年足球训练基地 | E17: 培训机构 | F17: 名称显示青少年业务（待核实） | G17: 运营中（平台收录） | M17: =IF(L17="","",说明!$B$4-L17) | R17: =IF(AND(P17="",O17=""),"",IF(OR(N(P17)>=说明!$B$5,N(O17)>=说明!$B$6),"大型",IF(OR(N(P17)>=说明!$B$7,N(O17)>=说明!$B$8),"中型","小型"))) | Z17: https://huodong.com/venue/detail/oqeogw | AA17: 低
A18: 17 | B18: 青羊区 | C18: 99号球会 | D18: 99号球会 | E18: 业余俱乐部 | F18: 待核实（可能为成人业余球队/场地） | G18: 运营中（地图收录） | I18: 成都市青羊区文家街道文家大道 | M18: =IF(L18="","",说明!$B$4-L18) | R18: =IF(AND(P18="",O18=""),"",IF(OR(N(P18)>=说明!$B$5,N(O18)>=说明!$B$6),"大型",IF(OR(N(P18)>=说明!$B$7,N(O18)>=说明!$B$8),"中型","小型"))) | Z18: 360地图 POI（restapi.map.so.com） | AA18: 中
A19: 18 | B19: 青羊区 | C19: 金鹰足球俱乐部 | D19: 金鹰足球俱乐部 | E19: 业余俱乐部 | F19: 待核实（可能为成人业余球队/场地） | G19: 运营中（地图收录） | I19: 成都市青羊区康河街道土龙公路四川商务职业学院东南角 | M19: =IF(L19="","",说明!$B$4-L19) | R19: =IF(AND(P19="",O19=""),"",IF(OR(N(P19)>=说明!$B$5,N(O19)>=说明!$B$6),"大型",IF(OR(N(P19)>=说明!$B$7,N(O19)>=说明!$B$8),"中型","小型"))) | Z19: 360地图 POI（restapi.map.so.com） | AA19: 中
A20: 19 | B20: 青羊区 | C20: 玩湃社区足球公园 | D20: 玩湃社区足球公园 | E20: 场馆运营方 | F20: 待核实（可能为成人业余球队/场地） | G20: 运营中（地图收录） | I20: 成都市青羊区通惠门路37号 | J20: 028-18116599858 | M20: =IF(L20="","",说明!$B$4-L20) | R20: =IF(AND(P20="",O20=""),"",IF(OR(N(P20)>=说明!$B$5,N(O20)>=说明!$B$6),"大型",IF(OR(N(P20)>=说明!$B$7,N(O20)>=说明!$B$8),"中型","小型"))) | S20: 约900㎡，成都首个社区智慧足球公园，设24小时智慧足球课堂 | Z20: 360地图 POI（restapi.map.so.com） https://cbgc.scol.com.cn/news/158341 | AA20: 中
A21: 20 | B21: 金牛区 | C21: 成都大牛体育培训 | D21: 大牛 | E21: 培训机构 | F21: 已证实（有来源） | G21: 待核实 | I21: 成都市金牛区金科苑东街65号1栋5单元1层1号 | M21: =IF(L21="","",说明!$B$4-L21) | R21: =IF(AND(P21="",O21=""),"",IF(OR(N(P21)>=说明!$B$5,N(O21)>=说明!$B$6),"大型",IF(OR(N(P21)>=说明!$B$7,N(O21)>=说明!$B$8),"中型","小型"))) | S21: 教育宝金牛区足球培训列表收录 | Z21: https://cd.jiaoyubao.cn/zuqiu/qu_jinniu.html | AA21: 中 | AB21: 教育宝地址为机构自填，可能已过时
A22: 21 | B22: 金牛区 | C22: 成都杰冠体育培训 | D22: 杰冠 | E22: 培训机构 | F22: 已证实（有来源） | G22: 待核实 | I22: 成都市金牛区天龙大道942号1层 | M22: =IF(L22="","",说明!$B$4-L22) | R22: =IF(AND(P22="",O22=""),"",IF(OR(N(P22)>=说明!$B$5,N(O22)>=说明!$B$6),"大型",IF(OR(N(P22)>=说明!$B$7,N(O22)>=说明!$B$8),"中型","小型"))) | S22: 教育宝金牛区足球培训列表收录 | Z22: https://cd.jiaoyubao.cn/zuqiu/qu_jinniu.html | AA22: 中 | AB22: 教育宝地址为机构自填，可能已过时
A23: 22 | B23: 金牛区 | C23: 拉玛足球 · 花照壁校区 | D23: 拉玛足球 | E23: 培训机构 | F23: 已证实（有来源） | G23: 待核实 | M23: =IF(L23="","",说明!$B$4-L23) | R23: =IF(AND(P23="",O23=""),"",IF(OR(N(P23)>=说明!$B$5,N(O23)>=说明!$B$6),"大型",IF(OR(N(P23)>=说明!$B$7,N(O23)>=说明!$B$8),"中型","小型"))) | Z23: https://m.youkee.com/xiaoqu/7257.html | AA23: 低
A24: 23 | B24: 金牛区 | C24: 金牛区足球协会 | E24: 协会 | F24: 协会（组织/承办青少年赛事） | G24: 待核实 | M24: =IF(L24="","",说明!$B$4-L24) | R24: =IF(AND(P24="",O24=""),"",IF(OR(N(P24)>=说明!$B$5,N(O24)>=说明!$B$6),"大型",IF(OR(N(P24)>=说明!$B$7,N(O24)>=说明!$B$8),"中型","小型"))) | S24: 成都市足协会员协会；未见其直接开展青训的资料。金牛区对社会青训机构实行入库管理和年度星级评定（区校足办负责） | Z24: http://www.lysy90.com/fa/23?local=1 https://www.sport.gov.cn/n20001280/n20745751/n20767239/c21778842/content.html | AA24: 低 | AB24: 金牛区青训机构入库名单值得向区校足办索取
A25: 24 | B25: 金牛区 | C25: 博越足球俱乐部 | D25: 博越足球俱乐部 | E25: 业余俱乐部 | F25: 待核实（可能为成人业余球队/场地） | G25: 运营中（地图收录） | I25: 成都市金牛区金科苑中街与金科苑南街交汇处西南 | M25: =IF(L25="","",说明!$B$4-L25) | R25: =IF(AND(P25="",O25=""),"",IF(OR(N(P25)>=说明!$B$5,N(O25)>=说明!$B$6),"大型",IF(OR(N(P25)>=说明!$B$7,N(O25)>=说明!$B$8),"中型","小型"))) | Z25: 360地图 POI（restapi.map.so.com） | AA25: 中
A26: 25 | B26: 金牛区 | C26: 成都腾飞经典足球俱乐部 | D26: 腾飞经典足球俱乐部 | E26: 业余俱乐部 | F26: 待核实（可能为成人业余球队/场地） | G26: 运营中（平台收录） | M26: =IF(L26="","",说明!$B$4-L26) | R26: =IF(AND(P26="",O26=""),"",IF(OR(N(P26)>=说明!$B$5,N(O26)>=说明!$B$6),"大型",IF(OR(N(P26)>=说明!$B$7,N(O26)>=说明!$B$8),"中型","小型"))) | Z26: https://huodong.com/venue/detail/xcnrnd | AA26: 低
A27: 26 | B27: 武侯区 | C27: 成都贝尔克足球俱乐部 | D27: 贝尔克 | E27: 培训机构 | F27: 已证实（有来源） | G27: 待核实 | L27: 2016 | M27: =IF(L27="","",说明!$B$4-L27) -> 10 | N27: 2016年8月成立（百度百科） | R27: =IF(AND(P27="",O27=""),"",IF(OR(N(P27)>=说明!$B$5,N(O27)>=说明!$B$6),"大型",IF(OR(N(P27)>=说明!$B$7,N(O27)>=说明!$B$8),"中型","小型"))) | S27: 以青少年足球培训为核心的综合素质教育机构，总部在武侯区；百科称教练10余名（含中国足协D级1名）；外籍主教练，称获法国梅斯俱乐部支持 | T27: 4–13岁 | Y27: 华宜天下足球联赛最佳组织奖 | Z27: https://baike.baidu.com/item/%E6%88%90%E9%83%BD%E8%B4%9D%E5%B0%94%E5%85%8B%E8%B6%B3%E7%90%83%E4%BF%B1%E4%B9%90%E9%83%A8/19966520 | AA27: 中
A28: 27 | B28: 武侯区 | C28: 拉玛足球（品牌总部 · 武侯区校区） | D28: 拉玛足球 | E28: 培训机构 | F28: 已证实（有来源） | G28: 运营中（待核实） | I28: 银泰城校区：武侯区益州大道1999号银泰城6楼（总部所在不详，以下为多校区） | J28: 400-666-6886；028-87076722（官网所列）；4006-303-880（聚合平台） | K28: 官网 lamafootball.cn | L28: 2016 | M28: =IF(L28="","",说明!$B$4-L28) -> 10 | N28: 宣传称品牌2016年10月成立 | P28: 550 | Q28: 武侯：银泰城（益州大道1999号6楼）、金楠广场（兆景路199号）、凯德·新南（盛和一路99号）；其他区校区见各区分表 | R28: =IF(AND(P28="",O28=""),"",IF(OR(N(P28)>=说明!$B$5,N(O28)>=说明!$B$6),"大型",IF(OR(N(P28)>=说明!$B$7,N(O28)>=说明!$B$8),"中型","小型"))) -> 大型 | S28: 搜狐较早调查：寒假培训人数由300增至550（年份未标注）；校区数各页不一，一页称8个；聚合平台称员工约50人、办公面积3000㎡（非参保数据） | T28: 4.5–16岁 | Y28: 自述外教来自巴塞罗那；课程分兴趣/提高/精英班 | Z28: https://m.youkee.com/xuexiao/lmzq_xiaoqu.html https://m.youkee.com/xuexiao/lmzq_jianjie.html https://m.sohu.com/n/479553636/?wscrid=95360_1 http://www.lamafootball.cn/nationalCenter/ | AA28: 中 | AB28: 跨武侯/高新/青羊/金牛多区；学员数为某年寒假班人数
A29: 28 | B29: 武侯区 | C29: 胜利联盟菲戈足球学院成都分院 | D29: 胜利联盟/菲戈 | E29: 培训机构 | F29: 已证实（有来源） | G29: 已停业 | I29: 红牌楼某商场顶楼（原址） | M29: =IF(L29="","",说明!$B$4-L29) | R29: =IF(AND(P29="",O29=""),"",IF(OR(N(P29)>=说明!$B$5,N(O29)>=说明!$B$6),"大型",IF(OR(N(P29)>=说明!$B$7,N(O29)>=说明!$B$8),"中型","小型"))) | S29: 2017年报道：停训、人去楼空，家长退费无门 | Z29: https://m.thepaper.cn/wifiKey_detail.jsp?contid=1902798&from=wifiKey https://www.cqcb.com/sports/2017-12-17/600642.html | AA29: 中 | AB29: 保留作风险提示
A30: 29 | B30: 武侯区 | C30: 麒麟小将青训俱乐部 | D30: 麒麟小将青训俱乐部 | E30: 业余俱乐部 | F30: 名称显示青少年业务（待核实） | G30: 运营中（平台收录） | M30: =IF(L30="","",说明!$B$4-L30) | R30: =IF(AND(P30="",O30=""),"",IF(OR(N(P30)>=说明!$B$5,N(O30)>=说明!$B$6),"大型",IF(OR(N(P30)>=说明!$B$7,N(O30)>=说明!$B$8),"中型","小型"))) | Z30: https://huodong.com/venue/detail/otpsba | AA30: 低
A31: 30 | B31: 武侯区 | C31: 斯巴达足球学院(天府四街校区) | D31: 斯巴达足球学院 | E31: 培训机构 | F31: 名称显示青少年业务（待核实） | G31: 运营中（平台收录） | M31: =IF(L31="","",说明!$B$4-L31) | R31: =IF(AND(P31="",O31=""),"",IF(OR(N(P31)>=说明!$B$5,N(O31)>=说明!$B$6),"大型",IF(OR(N(P31)>=说明!$B$7,N(O31)>=说明!$B$8),"中型","小型"))) | Z31: https://huodong.com/venue/detail/xivviu | AA31: 低
A32: 31 | B32: 武侯区 | C32: 909足球俱乐部 | D32: 909足球俱乐部 | E32: 业余俱乐部 | F32: 待核实（可能为成人业余球队/场地） | G32: 运营中（地图收录） | I32: 成都市武侯区东原印长江南侧 | M32: =IF(L32="","",说明!$B$4-L32) | R32: =IF(AND(P32="",O32=""),"",IF(OR(N(P32)>=说明!$B$5,N(O32)>=说明!$B$6),"大型",IF(OR(N(P32)>=说明!$B$7,N(O32)>=说明!$B$8),"中型","小型"))) | Z32: 360地图 POI（restapi.map.so.com） | AA32: 中
A33: 32 | B33: 武侯区 | C33: 富搏足球俱乐部(复城广场店) | D33: 富搏足球俱乐部 | E33: 业余俱乐部 | F33: 待核实（可能为成人业余球队/场地） | G33: 运营中（平台收录） | M33: =IF(L33="","",说明!$B$4-L33) | R33: =IF(AND(P33="",O33=""),"",IF(OR(N(P33)>=说明!$B$5,N(O33)>=说明!$B$6),"大型",IF(OR(N(P33)>=说明!$B$7,N(O33)>=说明!$B$8),"中型","小型"))) | Z33: https://huodong.com/venue/detail/cgbuzm | AA33: 低
A34: 33 | B34: 武侯区 | C34: 富搏足球俱乐部(天府中心店) | D34: 富搏足球俱乐部 | E34: 业余俱乐部 | F34: 待核实（可能为成人业余球队/场地） | G34: 运营中（地图收录） | I34: 成都市武侯区天府一街888号(锦城湖地铁站D口步行160米) | M34: =IF(L34="","",说明!$B$4-L34) | R34: =IF(AND(P34="",O34=""),"",IF(OR(N(P34)>=说明!$B$5,N(O34)>=说明!$B$6),"大型",IF(OR(N(P34)>=说明!$B$7,N(O34)>=说明!$B$8),"中型","小型"))) | Z34: 360地图 POI（restapi.map.so.com） | AA34: 中
A35: 34 | B35: 武侯区 | C35: 成都育英足球俱乐部 | D35: 育英足球俱乐部 | E35: 业余俱乐部 | F35: 待核实（可能为成人业余球队/场地） | G35: 运营中（地图收录） | I35: 成都市武侯区新乐北街10号(四川新北足球中心) | J35: 19828366604 | M35: =IF(L35="","",说明!$B$4-L35) | R35: =IF(AND(P35="",O35=""),"",IF(OR(N(P35)>=说明!$B$5,N(O35)>=说明!$B$6),"大型",IF(OR(N(P35)>=说明!$B$7,N(O35)>=说明!$B$8),"中型","小型"))) | Z35: 360地图 POI（restapi.map.so.com） | AA35: 中
A36: 35 | B36: 武侯区 | C36: 方圆足球俱乐部(苏宁广场) | D36: 方圆足球俱乐部 | E36: 业余俱乐部 | F36: 待核实（可能为成人业余球队/场地） | G36: 运营中（平台收录） | M36: =IF(L36="","",说明!$B$4-L36) | R36: =IF(AND(P36="",O36=""),"",IF(OR(N(P36)>=说明!$B$5,N(O36)>=说明!$B$6),"大型",IF(OR(N(P36)>=说明!$B$7,N(O36)>=说明!$B$8),"中型","小型"))) | Z36: https://huodong.com/venue/detail/vrjjmc | AA36: 低
A37: 36 | B37: 武侯区 | C37: 方圆足球俱乐部(苏宁广场城市奥特莱斯店) | D37: 方圆足球俱乐部 | E37: 业余俱乐部 | F37: 待核实（可能为成人业余球队/场地） | G37: 运营中（地图收录） | I37: 成都市武侯区天府大道北段8号苏宁广场7F | J37: 13709016394 | M37: =IF(L37="","",说明!$B$4-L37) | R37: =IF(AND(P37="",O37=""),"",IF(OR(N(P37)>=说明!$B$5,N(O37)>=说明!$B$6),"大型",IF(OR(N(P37)>=说明!$B$7,N(O37)>=说明!$B$8),"中型","小型"))) | Z37: 360地图 POI（restapi.map.so.com） | AA37: 中
A38: 37 | B38: 武侯区 | C38: 阿迪达斯20号体育公园 | D38: 20号体育公园 / adidas | E38: 场馆运营方 | F38: 待核实（来源未证实青训业务） | G38: 待核实 | I38: 武侯区江安河生态文化旅游带 | L38: 2023 | M38: =IF(L38="","",说明!$B$4-L38) -> 3 | N38: 2023-03-25开放 | R38: =IF(AND(P38="",O38=""),"",IF(OR(N(P38)>=说明!$B$5,N(O38)>=说明!$B$6),"大型",IF(OR(N(P38)>=说明!$B$7,N(O38)>=说明!$B$8),"中型","小型"))) | S38: 约3万平方米；11人制、8人制场各1块及可持续五人制场 | Z38: https://daoinsights.com/news/adidas-first-sustainable-football-pitch-in-china-unveiled-in-chengdu/ https://www.bangcity.cn/index.php/adidasi20haotiyugongyuanrongchengjiepai-quanguoshougekechixuqiuchangzhengshikaifang | AA38: 低 | AB38: 未找到青训课程直接证据
A39: 38 | B39: 武侯区 | C39: 以恒足球俱乐部（武侯校区） | D39: 以恒足球 | E39: 培训机构 | F39: 待核实（可能为成人业余球队/场地） | G39: 待核实 | M39: =IF(L39="","",说明!$B$4-L39) | Q39: 武侯校区（五人制） | R39: =IF(AND(P39="",O39=""),"",IF(OR(N(P39)>=说明!$B$5,N(O39)>=说明!$B$6),"大型",IF(OR(N(P39)>=说明!$B$7,N(O39)>=说明!$B$8),"中型","小型"))) | Z39: https://huodong.com/venue/detail/eyLei | AA39: 低
A40: 39 | B40: 武侯区 | C40: 湖上体育篮球足球体适能综合馆 | D40: 湖上体育篮球足球体适能综合馆 | E40: 培训机构 | F40: 待核实（可能为成人业余球队/场地） | G40: 运营中（地图收录） | I40: 成都市武侯区紫薇东路70号3楼(神仙树地铁站E口步行230米) | J40: 17358522371 | M40: =IF(L40="","",说明!$B$4-L40) | R40: =IF(AND(P40="",O40=""),"",IF(OR(N(P40)>=说明!$B$5,N(O40)>=说明!$B$6),"大型",IF(OR(N(P40)>=说明!$B$7,N(O40)>=说明!$B$8),"中型","小型"))) | Z40: 360地图 POI（restapi.map.so.com） | AA40: 中
A41: 40 | B41: 成华区 | C41: 成都翊动足球俱乐部 | D41: 翊动 | E41: 培训机构 | F41: 已证实（有来源） | G41: 待核实 | I41: 成华校区：成华区河北路177号；锦江校区：经天西路320号 | J41: 400-029-0979转56017（平台转接号） | M41: =IF(L41="","",说明!$B$4-L41) | Q41: 成华校区、锦江校区；成华校区：跳蹬河北路177号（百灵鸟仕艾康足球运动中心）；锦江校区：经天西路320号（320经天足球公园） | R41: =IF(AND(P41="",O41=""),"",IF(OR(N(P41)>=说明!$B$5,N(O41)>=说明!$B$6),"大型",IF(OR(N(P41)>=说明!$B$7,N(O41)>=说明!$B$8),"中型","小型"))) | S41: 小班滚动开班；足球训练班、寒暑假集训、特长生集训 | T41: 4-12岁 | W41: 4.0（教育宝） | Z41: https://cd.jiaoyubao.cn/zuqiu/dt_z3488.html https://cd.jiaoyubao.cn/zuqiu/ https://peixun.dzwww.com/cd/edu/j_d29c/m/ | AA41: 中
A42: 41 | B42: 成华区 | C42: 拉玛足球 · 青龙场中心 | D42: 拉玛足球 | E42: 培训机构 | F42: 已证实（有来源） | G42: 待核实 | I42: 成华区昭青南路8号 爱球青龙场五人制足球场 | M42: =IF(L42="","",说明!$B$4-L42) | R42: =IF(AND(P42="",O42=""),"",IF(OR(N(P42)>=说明!$B$5,N(O42)>=说明!$B$6),"大型",IF(OR(N(P42)>=说明!$B$7,N(O42)>=说明!$B$8),"中型","小型"))) | Z42: https://www.jianshu.com/p/b5c1331dfe3e | AA42: 低 | AB42: 来源较旧（约2019年）
A43: 42 | B43: 成华区 | C43: 中达舒弘青少年足球运动俱乐部(驷马桥校区) | D43: 中达舒弘青少年足球运动俱乐部 | E43: 业余俱乐部 | F43: 名称显示青少年业务（待核实） | G43: 运营中（平台收录） | M43: =IF(L43="","",说明!$B$4-L43) | R43: =IF(AND(P43="",O43=""),"",IF(OR(N(P43)>=说明!$B$5,N(O43)>=说明!$B$6),"大型",IF(OR(N(P43)>=说明!$B$7,N(O43)>=说明!$B$8),"中型","小型"))) | Z43: https://huodong.com/venue/detail/qiedwg | AA43: 低
A44: 43 | B44: 成华区 | C44: 成都仕艾康足球俱乐部 | D44: 仕艾康足球俱乐部 | E44: 业余俱乐部 | F44: 待核实（可能为成人业余球队/场地） | G44: 运营中（地图收录） | I44: 成都市成华区跳蹬河街道跳蹬河北路与东秀二路交汇处锦绣东方东侧 | M44: =IF(L44="","",说明!$B$4-L44) | R44: =IF(AND(P44="",O44=""),"",IF(OR(N(P44)>=说明!$B$5,N(O44)>=说明!$B$6),"大型",IF(OR(N(P44)>=说明!$B$7,N(O44)>=说明!$B$8),"中型","小型"))) | Z44: 360地图 POI（restapi.map.so.com） | AA44: 中
A45: 44 | B45: 成华区 | C45: 成都博誉五人制足球俱乐部 | D45: 博誉五人制足球俱乐部 | E45: 业余俱乐部 | F45: 待核实（可能为成人业余球队/场地） | G45: 运营中（地图收录） | I45: 成都市成华区鹤林四路 | J45: 18980005998 | M45: =IF(L45="","",说明!$B$4-L45) | R45: =IF(AND(P45="",O45=""),"",IF(OR(N(P45)>=说明!$B$5,N(O45)>=说明!$B$6),"大型",IF(OR(N(P45)>=说明!$B$7,N(O45)>=说明!$B$8),"中型","小型"))) | Z45: 360地图 POI（restapi.map.so.com） | AA45: 中
A46: 45 | B46: 成华区 | C46: 成都博誉足球俱乐部 | D46: 博誉足球俱乐部 | E46: 业余俱乐部 | F46: 待核实（可能为成人业余球队/场地） | G46: 运营中（地图收录） | I46: 成都市成华区鹤林四路 | J46: 18980005998 | M46: =IF(L46="","",说明!$B$4-L46) | R46: =IF(AND(P46="",O46=""),"",IF(OR(N(P46)>=说明!$B$5,N(O46)>=说明!$B$6),"大型",IF(OR(N(P46)>=说明!$B$7,N(O46)>=说明!$B$8),"中型","小型"))) | Z46: 360地图 POI（restapi.map.so.com） | AA46: 中
A47: 46 | B47: 成华区 | C47: 成都嵿峰足球俱乐部 | D47: 嵿峰足球俱乐部 | E47: 业余俱乐部 | F47: 待核实（可能为成人业余球队/场地） | G47: 运营中（平台收录） | M47: =IF(L47="","",说明!$B$4-L47) | R47: =IF(AND(P47="",O47=""),"",IF(OR(N(P47)>=说明!$B$5,N(O47)>=说明!$B$6),"大型",IF(OR(N(P47)>=说明!$B$7,N(O47)>=说明!$B$8),"中型","小型"))) | Z47: https://huodong.com/venue/detail/hgowpv | AA47: 低
A48: 47 | B48: 成华区 | C48: 成都市蜀龙骁将足球俱乐部 | D48: 蜀龙骁将足球俱乐部 | E48: 业余俱乐部 | F48: 待核实（可能为成人业余球队/场地） | G48: 运营中（平台收录） | M48: =IF(L48="","",说明!$B$4-L48) | R48: =IF(AND(P48="",O48=""),"",IF(OR(N(P48)>=说明!$B$5,N(O48)>=说明!$B$6),"大型",IF(OR(N(P48)>=说明!$B$7,N(O48)>=说明!$B$8),"中型","小型"))) | Z48: https://huodong.com/venue/detail/wnhjry | AA48: 低
A49: 48 | B49: 高新区 | C49: 成都汇萃体育培训 | D49: 汇萃体育 | E49: 培训机构 | F49: 已证实（有来源） | G49: 待核实 | H49: 成都汇萃体育文化传播有限公司（教育宝） | I49: 成都高新区天府四街66号2栋3层4号 | M49: =IF(L49="","",说明!$B$4-L49) | R49: =IF(AND(P49="",O49=""),"",IF(OR(N(P49)>=说明!$B$5,N(O49)>=说明!$B$6),"大型",IF(OR(N(P49)>=说明!$B$7,N(O49)>=说明!$B$8),"中型","小型"))) | Z49: https://cd.jiaoyubao.cn/zuqiu/ | AA49: 低 | AB49: 教育宝：暂无评分
A50: 49 | B50: 高新区 | C50: 成都猎豹足球培训 | D50: 猎豹足球 | E50: 培训机构 | F50: 已证实（有来源） | G50: 现状未知 | I50: 成都高新区大源体育公园内18号 | M50: =IF(L50="","",说明!$B$4-L50) | Q50: 地图收录：成都高新区猎豹足球俱乐部（武侯区）成都市武侯区桂溪街道大源南二街与昆华路交汇处桂溪安全文化公园；成都高新区大源体育公园（昆华路919号） | R50: =IF(AND(P50="",O50=""),"",IF(OR(N(P50)>=说明!$B$5,N(O50)>=说明!$B$6),"大型",IF(OR(N(P50)>=说明!$B$7,N(O50)>=说明!$B$8),"中型","小型"))) | S50: 2块五人制场地（本地宝，未注明日期） | Y50: 川足名宿姚夏创办；2016岁月明星杯全国青少年邀请赛参赛 | Z50: https://cd.jiaoyubao.cn/zuqiu/ 360地图 POI（restapi.map.so.com） https://m.cd.bendibao.com/tour/72476_5.shtm https://m.thepaper.cn/newsDetail_forward_3975372 | AA50: 低
A51: 50 | B51: 高新区 | C51: 拉玛足球 · 桂溪（UPARK）/南城荟校区 | D51: 拉玛足球 | E51: 培训机构 | F51: 已证实（有来源） | G51: 待核实 | I51: 桂溪：盛邦街富华北路666号UPARK公园足球场；南城荟：万象北路138号（另一页写武侯区成汉中路181号） | M51: =IF(L51="","",说明!$B$4-L51) | R51: =IF(AND(P51="",O51=""),"",IF(OR(N(P51)>=说明!$B$5,N(O51)>=说明!$B$6),"大型",IF(OR(N(P51)>=说明!$B$7,N(O51)>=说明!$B$8),"中型","小型"))) | Z51: https://m.youkee.com/xuexiao/lmzq_xiaoqu.html https://m.youkee.com/xiaoqu/7252.html | AA51: 低
A52: 51 | B52: 高新区 | C52: 沸点足球俱乐部（高新校区） | D52: 沸点足球 | E52: 培训机构 | F52: 已证实（有来源） | G52: 待核实 | M52: =IF(L52="","",说明!$B$4-L52) | Q52: 高新校区 | R52: =IF(AND(P52="",O52=""),"",IF(OR(N(P52)>=说明!$B$5,N(O52)>=说明!$B$6),"大型",IF(OR(N(P52)>=说明!$B$7,N(O52)>=说明!$B$8),"中型","小型"))) | Z52: https://huodong.com/venue/detail/ey7bj https://huodong.com/venue/detail/egwocd | AA52: 低 | AB52: 另一来源标注在武侯区神仙树南路；地图收录地址在武侯区一侧
A53: 52 | B53: 高新区 | C53: 拜仁成都足球学校（规划） | D53: FC Bayern | E53: 海外青训分校 | F53: 待核实（来源未证实青训业务） | G53: 规划（未见运营） | M53: =IF(L53="","",说明!$B$4-L53) | N53: 约2018年报道的规划项目 | R53: =IF(AND(P53="",O53=""),"",IF(OR(N(P53)>=说明!$B$5,N(O53)>=说明!$B$6),"大型",IF(OR(N(P53)>=说明!$B$7,N(O53)>=说明!$B$8),"中型","小型"))) | T53: 幼儿园至高中（规划） | Z53: https://www.thepaper.cn/newsDetail_forward_2851799 | AA53: 低
A54: 53 | B54: 天府新区 | C54: 20号足球公园（天府公园HI-PARK运动中心） | D54: 20号足球公园（邹侑根） | E54: 场馆运营方 | F54: 已证实（有来源） | G54: 待核实 | I54: 天府公园HI-PARK运动中心内 | L54: 2013 | M54: =IF(L54="","",说明!$B$4-L54) -> 13 | N54: 品牌首店2013年于锦城湖边开业；天府公园店2021-12开业 | R54: =IF(AND(P54="",O54=""),"",IF(OR(N(P54)>=说明!$B$5,N(O54)>=说明!$B$6),"大型",IF(OR(N(P54)>=说明!$B$7,N(O54)>=说明!$B$8),"中型","小型"))) | S54: 8人制场2块、5人制场1块、5人制训练场1块 | Y54: 宣称开展常态化训练教学；“省足协青少年足球发展基地”一说未能证实 | Z54: https://www.sohu.com/a/514268912_670423 https://www.163.com/dy/article/HEDQGE510514OL9V.html | AA54: 中
A55: 54 | B55: 天府新区 | C55: 拉玛足球 · 华阳中心 | D55: 拉玛足球 | E55: 培训机构 | F55: 已证实（有来源） | G55: 待核实 | I55: 华阳观音湾路锦官丽城亲水湾旁 星空5V5滨河足球场 | M55: =IF(L55="","",说明!$B$4-L55) | R55: =IF(AND(P55="",O55=""),"",IF(OR(N(P55)>=说明!$B$5,N(O55)>=说明!$B$6),"大型",IF(OR(N(P55)>=说明!$B$7,N(O55)>=说明!$B$8),"中型","小型"))) | Z55: https://www.jianshu.com/p/b5c1331dfe3e | AA55: 低 | AB55: 来源较旧；华阳片区行政归属以实地为准
A56: 55 | B56: 天府新区 | C56: RCDE Academy Chengdu（西班牙人足球学院成都） | D56: RCD Espanyol 西班牙人 | E56: 海外青训分校 | F56: 已证实（有来源） | G56: 待核实 | I56: 麓湖三分足球公园 | K56: 抖音 RCDE_chengdu；技术总监 Marc Carballo | L56: 2026 | M56: =IF(L56="","",说明!$B$4-L56) -> 0 | N56: 2026年7月首个赛季，与本地合作方共同运营 | O56: 1 | P56: 120 | Q56: 麓湖三分足球公园 | R56: =IF(AND(P56="",O56=""),"",IF(OR(N(P56)>=说明!$B$5,N(O56)>=说明!$B$6),"大型",IF(OR(N(P56)>=说明!$B$7,N(O56)>=说明!$B$8),"中型","小型"))) -> 中型 | S56: 首批120名预报名球员；西班牙人派1名教练常驻；开办时西班牙人派驻1名教练；开办时预注册120名 | Z56: https://www.rcdespanyol.com/en/new/rcd-espanyol-de-barcelona-to-open-new-academy-in-chengdu,-china/20485 https://www.rcdespanyol.com/en/chengdu | AA56: 高
A57: 56 | B57: 天府新区 | C57: 鲁能青训成都人才基地 | D57: 山东鲁能足校 | E57: 职业俱乐部青训 | F57: 已证实（有来源） | G57: 待核实 | I57: 天府新区兴隆小学（2015年揭牌地点） | L57: 2015 | M57: =IF(L57="","",说明!$B$4-L57) -> 11 | N57: 2015-12揭牌，现状不明 | R57: =IF(AND(P57="",O57=""),"",IF(OR(N(P57)>=说明!$B$5,N(O57)>=说明!$B$6),"大型",IF(OR(N(P57)>=说明!$B$7,N(O57)>=说明!$B$8),"中型","小型"))) | Z57: http://sports.sina.com.cn/china/b/2015-12-14/doc-ifxmpnqm3267526.shtml | AA57: 低
A58: 57 | B58: 天府新区 | C58: 成都蓉小虎少儿足球俱乐部(华阳校区) | D58: 蓉小虎少儿足球俱乐部 | E58: 业余俱乐部 | F58: 名称显示青少年业务（待核实） | G58: 运营中（平台收录） | M58: =IF(L58="","",说明!$B$4-L58) | R58: =IF(AND(P58="",O58=""),"",IF(OR(N(P58)>=说明!$B$5,N(O58)>=说明!$B$6),"大型",IF(OR(N(P58)>=说明!$B$7,N(O58)>=说明!$B$8),"中型","小型"))) | Z58: https://huodong.com/venue/detail/dlxrmp | AA58: 低
A59: 58 | B59: 天府新区 | C59: 成都蓉小虎少儿足球俱乐部(高新校区) | D59: 蓉小虎少儿足球俱乐部 | E59: 业余俱乐部 | F59: 名称显示青少年业务（待核实） | G59: 运营中（平台收录） | M59: =IF(L59="","",说明!$B$4-L59) | R59: =IF(AND(P59="",O59=""),"",IF(OR(N(P59)>=说明!$B$5,N(O59)>=说明!$B$6),"大型",IF(OR(N(P59)>=说明!$B$7,N(O59)>=说明!$B$8),"中型","小型"))) | Z59: https://huodong.com/venue/detail/eajvpa | AA59: 低
A60: 59 | B60: 天府新区 | C60: 亥成少儿足球训练中心(华阳店) | D60: 亥成少儿足球训练中心 | E60: 培训机构 | F60: 名称显示青少年业务（待核实） | G60: 运营中（平台收录） | M60: =IF(L60="","",说明!$B$4-L60) | R60: =IF(AND(P60="",O60=""),"",IF(OR(N(P60)>=说明!$B$5,N(O60)>=说明!$B$6),"大型",IF(OR(N(P60)>=说明!$B$7,N(O60)>=说明!$B$8),"中型","小型"))) | Z60: https://huodong.com/venue/detail/pdrsax | AA60: 低
A61: 60 | B61: 天府新区 | C61: 亥成足球篮球羽毛球训练中心(天府和悦店) | D61: 亥成足球篮球羽毛球训练中心 | E61: 培训机构 | F61: 名称显示青少年业务（待核实） | G61: 运营中（平台收录） | M61: =IF(L61="","",说明!$B$4-L61) | R61: =IF(AND(P61="",O61=""),"",IF(OR(N(P61)>=说明!$B$5,N(O61)>=说明!$B$6),"大型",IF(OR(N(P61)>=说明!$B$7,N(O61)>=说明!$B$8),"中型","小型"))) | Z61: https://huodong.com/venue/detail/rxiyyy | AA61: 低
A62: 61 | B62: 天府新区 | C62: 三利星源足球俱乐部 | D62: 三利星源足球俱乐部 | E62: 业余俱乐部 | F62: 待核实（可能为成人业余球队/场地） | G62: 运营中（平台收录） | M62: =IF(L62="","",说明!$B$4-L62) | R62: =IF(AND(P62="",O62=""),"",IF(OR(N(P62)>=说明!$B$5,N(O62)>=说明!$B$6),"大型",IF(OR(N(P62)>=说明!$B$7,N(O62)>=说明!$B$8),"中型","小型"))) | Z62: https://huodong.com/venue/detail/pzlooe | AA62: 低
A63: 62 | B63: 龙泉驿区 | C63: 成都海浪足球俱乐部 | D63: 海浪 | E63: 业余俱乐部 | F63: 已证实（有来源） | G63: 待核实 | L63: 2017 | M63: =IF(L63="","",说明!$B$4-L63) -> 9 | N63: 前身为龙泉驿区足协青训部 | R63: =IF(AND(P63="",O63=""),"",IF(OR(N(P63)>=说明!$B$5,N(O63)>=说明!$B$6),"大型",IF(OR(N(P63)>=说明!$B$7,N(O63)>=说明!$B$8),"中型","小型"))) | S63: 8个年龄段青少年梯队；与区内多所学校签战略培训协议；年均培训3万余人次；教练含亚足联B级1名、C级3名及多名D级（2021年报道） | Y63: 峨眉山杯青少年足球赛U12冠军；成都市青少年联赛（北区）U9冠军等；龙泉驿区校园足球P联赛冠军；成都市青少年联赛北区U8、U9冠军 | Z63: https://m.voc.com.cn/xhn/news/202107/15602824.html https://www.lysy360.com/team/1309 | AA63: 中
A64: 63 | B64: 龙泉驿区 | C64: 成都市龙泉驿区足球协会 | E64: 协会 | F64: 协会（组织/承办青少年赛事） | G64: 待核实 | M64: =IF(L64="","",说明!$B$4-L64) | R64: =IF(AND(P64="",O64=""),"",IF(OR(N(P64)>=说明!$B$5,N(O64)>=说明!$B$6),"大型",IF(OR(N(P64)>=说明!$B$7,N(O64)>=说明!$B$8),"中型","小型"))) | S64: 成都市足协会员协会；原青训部2017年改为海浪足球俱乐部 | Z64: https://m.voc.com.cn/xhn/news/202107/15602824.html | AA64: 中
A65: 64 | B65: 龙泉驿区 | C65: 中达舒弘青少年足球运动俱乐部(成渝万科校区) | D65: 中达舒弘青少年足球运动俱乐部 | E65: 业余俱乐部 | F65: 名称显示青少年业务（待核实） | G65: 运营中（平台收录） | M65: =IF(L65="","",说明!$B$4-L65) | R65: =IF(AND(P65="",O65=""),"",IF(OR(N(P65)>=说明!$B$5,N(O65)>=说明!$B$6),"大型",IF(OR(N(P65)>=说明!$B$7,N(O65)>=说明!$B$8),"中型","小型"))) | Z65: https://huodong.com/venue/detail/aiufet | AA65: 低
A66: 65 | B66: 龙泉驿区 | C66: 罗森内里足球俱乐部 | D66: 罗森内里足球俱乐部 | E66: 业余俱乐部 | F66: 待核实（可能为成人业余球队/场地） | G66: 运营中（地图收录） | I66: 成都市龙泉驿区范围内 | M66: =IF(L66="","",说明!$B$4-L66) | R66: =IF(AND(P66="",O66=""),"",IF(OR(N(P66)>=说明!$B$5,N(O66)>=说明!$B$6),"大型",IF(OR(N(P66)>=说明!$B$7,N(O66)>=说明!$B$8),"中型","小型"))) | Z66: 360地图 POI（restapi.map.so.com） | AA66: 中
A67: 66 | B67: 龙泉驿区 | C67: 聚创十陵足球俱乐部 | D67: 聚创十陵足球俱乐部 | E67: 业余俱乐部 | F67: 待核实（可能为成人业余球队/场地） | G67: 运营中（地图收录） | I67: 成都市龙泉驿区成洛大道成洛路700号 | M67: =IF(L67="","",说明!$B$4-L67) | R67: =IF(AND(P67="",O67=""),"",IF(OR(N(P67)>=说明!$B$5,N(O67)>=说明!$B$6),"大型",IF(OR(N(P67)>=说明!$B$7,N(O67)>=说明!$B$8),"中型","小型"))) | Z67: 360地图 POI（restapi.map.so.com） | AA67: 中
A68: 67 | B68: 龙泉驿区 | C68: 龙泉梦剧场足球俱乐部 | D68: 龙泉梦剧场足球俱乐部 | E68: 业余俱乐部 | F68: 待核实（可能为成人业余球队/场地） | G68: 运营中（地图收录） | I68: 成都市龙泉驿区井山路中国铁建国际城南侧约190米 | M68: =IF(L68="","",说明!$B$4-L68) | R68: =IF(AND(P68="",O68=""),"",IF(OR(N(P68)>=说明!$B$5,N(O68)>=说明!$B$6),"大型",IF(OR(N(P68)>=说明!$B$7,N(O68)>=说明!$B$8),"中型","小型"))) | Z68: 360地图 POI（restapi.map.so.com） | AA68: 中
A69: 68 | B69: 青白江区 | C69: 青白江区足球协会 | E69: 协会 | F69: 协会（组织/承办青少年赛事） | G69: 待核实 | M69: =IF(L69="","",说明!$B$4-L69) | R69: =IF(AND(P69="",O69=""),"",IF(OR(N(P69)>=说明!$B$5,N(O69)>=说明!$B$6),"大型",IF(OR(N(P69)>=说明!$B$7,N(O69)>=说明!$B$8),"中型","小型"))) | S69: 与区实验小学承办校园足球公益进校园活动（报道较早） | Z69: https://www.sport.gov.cn/n20001280/n20745751/n20767277/c21486830/content.html | AA69: 中
A70: 69 | B70: 新都区 | C70: 三河村农民健身足球俱乐部 | E70: 业余俱乐部 | F70: 已证实（有来源） | G70: 待核实 | I70: 成都市新都区三河村 | L70: 2009 | M70: =IF(L70="","",说明!$B$4-L70) -> 17 | N70: 前身为2009年村民自发组建的斑竹园老男孩足球俱乐部 | Q70: 地图收录：三河村农民健身足球俱乐部（新都区）成都市新都区三河村11社13号 | R70: =IF(AND(P70="",O70=""),"",IF(OR(N(P70)>=说明!$B$5,N(O70)>=说明!$B$6),"大型",IF(OR(N(P70)>=说明!$B$7,N(O70)>=说明!$B$8),"中型","小型"))) | S70: 建设U7/U9/U11梯队；周五青训课对外免费开放；与西南石油大学合办青少年训练营、与成都体育学院共建实践基地 | T70: 3-4岁兴趣班起；U7-U11 | X70: 周五青训课免费（2023年报道） | Y70: 成都“足球第一村”；2015年起举办“宝柚杯”联赛 | Z70: https://www.chinanews.com.cn/ty/2023/02-04/9947176.shtml https://www.sport.gov.cn/n20001280/n20745751/n20767239/c21454914/content.html 360地图 POI（restapi.map.so.com） | AA70: 中
A71: 70 | B71: 新都区 | C71: 成都市新都区纵横足球俱乐部 | D71: 纵横 | E71: 业余俱乐部 | F71: 已证实（有来源） | G71: 待核实 | I71: 成都市新都区红星路458-459号 | L71: 2013 | M71: =IF(L71="","",说明!$B$4-L71) -> 13 | N71: 称新都区首家青少年专业足球俱乐部 | R71: =IF(AND(P71="",O71=""),"",IF(OR(N(P71)>=说明!$B$5,N(O71)>=说明!$B$6),"大型",IF(OR(N(P71)>=说明!$B$7,N(O71)>=说明!$B$8),"中型","小型"))) | S71: 在西南石油大学体育学院支持下创立 | Z71: https://nanjiang.mala.cn/thread-16684409-1-1.html 360地图 POI（restapi.map.so.com） | AA71: 低 | AB71: 可能对应“四川星汉纵横足球俱乐部有限责任公司”，未核实
A72: 71 | B72: 新都区 | C72: 成都南葛足球培训 | D72: 南葛 | E72: 培训机构 | F72: 已证实（有来源） | G72: 待核实 | I72: 成都市新都区新都街道兴业大道319号蜂云谷6层12室1号（总校） | M72: =IF(L72="","",说明!$B$4-L72) | N72: 简介提及“2016年初…十年行业深耕”，开业年份无法确定 | Q72: 总校（新都） | R72: =IF(AND(P72="",O72=""),"",IF(OR(N(P72)>=说明!$B$5,N(O72)>=说明!$B$6),"大型",IF(OR(N(P72)>=说明!$B$7,N(O72)>=说明!$B$8),"中型","小型"))) | Z72: https://cd.jiaoyubao.cn/zuqiu/ | AA72: 中
A73: 72 | B73: 新都区 | C73: 新都63足球俱乐部培训基地 | D73: 新都63足球俱乐部培训基地 | E73: 培训机构 | F73: 名称显示青少年业务（待核实） | G73: 运营中（地图收录） | I73: 成都市新都区新环路延伸段 | M73: =IF(L73="","",说明!$B$4-L73) | R73: =IF(AND(P73="",O73=""),"",IF(OR(N(P73)>=说明!$B$5,N(O73)>=说明!$B$6),"大型",IF(OR(N(P73)>=说明!$B$7,N(O73)>=说明!$B$8),"中型","小型"))) | Z73: 360地图 POI（restapi.map.so.com） | AA73: 中
A74: 73 | B74: 新都区 | C74: 九号足球俱乐部 | D74: 九号足球俱乐部 | E74: 业余俱乐部 | F74: 待核实（可能为成人业余球队/场地） | G74: 运营中（地图收录） | I74: 成都市新都区学院路东段60前锋集团新都产业园 | J74: 18602813914 | M74: =IF(L74="","",说明!$B$4-L74) | R74: =IF(AND(P74="",O74=""),"",IF(OR(N(P74)>=说明!$B$5,N(O74)>=说明!$B$6),"大型",IF(OR(N(P74)>=说明!$B$7,N(O74)>=说明!$B$8),"中型","小型"))) | Z74: 360地图 POI（restapi.map.so.com） | AA74: 中
A75: 74 | B75: 新都区 | C75: 爱尚足球俱乐部 | D75: 爱尚足球俱乐部 | E75: 业余俱乐部 | F75: 待核实（可能为成人业余球队/场地） | G75: 运营中（地图收录） | I75: 成都市新都区通力路36号 | M75: =IF(L75="","",说明!$B$4-L75) | R75: =IF(AND(P75="",O75=""),"",IF(OR(N(P75)>=说明!$B$5,N(O75)>=说明!$B$6),"大型",IF(OR(N(P75)>=说明!$B$7,N(O75)>=说明!$B$8),"中型","小型"))) | Z75: 360地图 POI（restapi.map.so.com） | AA75: 中
A76: 75 | B76: 温江区 | C76: 温江体育中心青少年足球训练营 | E76: 场馆运营方 | F76: 已证实（有来源） | G76: 待核实 | M76: =IF(L76="","",说明!$B$4-L76) | R76: =IF(AND(P76="",O76=""),"",IF(OR(N(P76)>=说明!$B$5,N(O76)>=说明!$B$6),"大型",IF(OR(N(P76)>=说明!$B$7,N(O76)>=说明!$B$8),"中型","小型"))) | S76: 仅见于一篇推广文章，按年龄分班 | Z76: https://www.3xyun.cn/170034.html https://huodong.com/venue/detail/ymgplk | AA76: 低 | AB76: 运营方与资质未核实
A77: 76 | B77: 温江区 | C77: 成都足协温江基地（含成都足协女足青训中心） | D77: 成都足协 | E77: 协会 | F77: 协会（组织/承办青少年赛事） | G77: 运营中 | I77: 成都市温江区天府街道金府路西段505号 | M77: =IF(L77="","",说明!$B$4-L77) | N77: 至迟2018年8月已投入使用 | O77: 16 | Q77: 地图收录：成都足球俱乐部五牛训练基地-培训基地（温江区）成都市温江区天府街道天府西路与金府路西段交汇处成都足球俱乐部；地图收录：成都足球俱乐部（温江区）成都市温江区金府路西段与天府西路交汇处附近东北 | R77: =IF(AND(P77="",O77=""),"",IF(OR(N(P77)>=说明!$B$5,N(O77)>=说明!$B$6),"大型",IF(OR(N(P77)>=说明!$B$7,N(O77)>=说明!$B$8),"中型","小型"))) -> 中型 | S77: 5块标准足球场、2块五人制场地，配健身房、医疗室、公寓、餐厅、康复中心；女足青训中心有U18/U16/U14/U12/U11五支梯队、教练16名（中国足协官网，数据时间较早） | T77: U11-U18（女足梯队） | Y77: 中国足协2015—2018年度国家青少年训练基地；2026年5月承办中国足协男子青少年强化训练营（2012年龄段）；中国足协2025、2026年在此举办精英青少年训练营 | Z77: https://www.thecfa.cn/qxunzx/20180903/24556.html https://baike.baidu.com/item/%E6%88%90%E9%83%BD%E8%B6%B3%E5%8D%8F%E6%B8%A9%E6%B1%9F%E5%9F%BA%E5%9C%B0/67282442 https://www.thepaper.cn/newsDetail_forward_23410820 https://www.sohu.com/a/1026055684_121924582 https://www.sohu.com/a/978527738_121124668 360地图 POI（restapi.map.so.com） | AA77: 高 | AB77: 原成都五牛训练基地（地图名称）
A78: 77 | B78: 温江区 | C78: 温江区足球协会 | E78: 协会 | F78: 协会（组织/承办青少年赛事） | G78: 待核实 | M78: =IF(L78="","",说明!$B$4-L78) | R78: =IF(AND(P78="",O78=""),"",IF(OR(N(P78)>=说明!$B$5,N(O78)>=说明!$B$6),"大型",IF(OR(N(P78)>=说明!$B$7,N(O78)>=说明!$B$8),"中型","小型"))) | S78: 有活动报道，未说明青训安排 | Z78: http://sc.people.com.cn/n2/2023/0727/c345509-40510188.html https://huodong.com/venue/detail/npdroh | AA78: 低
A79: 78 | B79: 温江区 | C79: 佳芮丽五人制足球俱乐部 | D79: 佳芮丽五人制足球俱乐部 | E79: 业余俱乐部 | F79: 待核实（可能为成人业余球队/场地） | G79: 运营中（平台收录） | M79: =IF(L79="","",说明!$B$4-L79) | R79: =IF(AND(P79="",O79=""),"",IF(OR(N(P79)>=说明!$B$5,N(O79)>=说明!$B$6),"大型",IF(OR(N(P79)>=说明!$B$7,N(O79)>=说明!$B$8),"中型","小型"))) | Z79: https://huodong.com/venue/detail/bxifrj | AA79: 低
A80: 79 | B80: 温江区 | C80: 锦绣森邻足球场(成狮足球俱乐部) | D80: 锦绣森邻足球场 | E80: 业余俱乐部 | F80: 待核实（可能为成人业余球队/场地） | G80: 运营中（地图收录） | I80: 成都市温江区锦绣森邻(温泉大道东) | M80: =IF(L80="","",说明!$B$4-L80) | R80: =IF(AND(P80="",O80=""),"",IF(OR(N(P80)>=说明!$B$5,N(O80)>=说明!$B$6),"大型",IF(OR(N(P80)>=说明!$B$7,N(O80)>=说明!$B$8),"中型","小型"))) | Z80: 360地图 POI（restapi.map.so.com） | AA80: 中
A81: 80 | B81: 温江区 | C81: 四川省明宇足球俱乐部 | D81: 明宇足球俱乐部 | E81: 其他 | F81: 待核实（可能为成人业余球队/场地） | G81: 现状未知 | I81: 成都市温江区农业高科园 | M81: =IF(L81="","",说明!$B$4-L81) | R81: =IF(AND(P81="",O81=""),"",IF(OR(N(P81)>=说明!$B$5,N(O81)>=说明!$B$6),"大型",IF(OR(N(P81)>=说明!$B$7,N(O81)>=说明!$B$8),"中型","小型"))) | Z81: 360地图 POI（restapi.map.so.com） | AA81: 中 | AB81: 历史职业俱乐部相关名称，是否仍有青训业务未知
A82: 81 | B82: 温江区 | C82: 鲁家滩运动公园(温江足球协会训练基地) | D82: 鲁家滩运动公园 | E82: 协会 | F82: 待核实（可能为成人业余球队/场地） | G82: 运营中（平台收录） | M82: =IF(L82="","",说明!$B$4-L82) | R82: =IF(AND(P82="",O82=""),"",IF(OR(N(P82)>=说明!$B$5,N(O82)>=说明!$B$6),"大型",IF(OR(N(P82)>=说明!$B$7,N(O82)>=说明!$B$8),"中型","小型"))) | Z82: https://huodong.com/venue/detail/svsthr | AA82: 低
A83: 82 | B83: 双流区 | C83: 成都市双流区空港青少年体育俱乐部 | E83: 业余俱乐部 | F83: 已证实（有来源） | G83: 待核实 | M83: =IF(L83="","",说明!$B$4-L83) | R83: =IF(AND(P83="",O83=""),"",IF(OR(N(P83)>=说明!$B$5,N(O83)>=说明!$B$6),"大型",IF(OR(N(P83)>=说明!$B$7,N(O83)>=说明!$B$8),"中型","小型"))) | Y83: 主办“成都双流首届2025联盟杯·七省市青少年足球冠军邀请赛”（棠湖外国语学校承办） | Z83: https://m.sohu.com/a/853558535_121124022/?pvid=000115_3w_a | AA83: 中
A84: 83 | B84: 双流区 | C84: 成都谢菲联足球公园（训练基地） | D84: 谢菲联足球公园 | E84: 场馆运营方 | F84: 已证实（有来源） | G84: 待核实 | I84: 成都市双流区东升街道金河路 | M84: =IF(L84="","",说明!$B$4-L84) | N84: 原成都谢菲联俱乐部基地（俱乐部2015年解散），基地仍在使用 | Q84: 地图收录：成都谢菲联足球俱乐部(金河路)（双流区）成都市双流区东升街道金河路优品时代西侧 | R84: =IF(AND(P84="",O84=""),"",IF(OR(N(P84)>=说明!$B$5,N(O84)>=说明!$B$6),"大型",IF(OR(N(P84)>=说明!$B$7,N(O84)>=说明!$B$8),"中型","小型"))) | S84: 用户评论称占地约14.7万平方米（未经官方核实，故仅作说明） | Y84: 四川男足青年队训练场地；2026天府未来杯国际青少年足球精英赛（U10/U11，47队）举办地 | Z84: https://www.sport.gov.cn/n14471/n14494/n14544/c27729281/content.html https://m.map.360.cn/m/search/detail/pid=76383a63f7f19b21 https://news.qq.com/rain/a/20250126A041O100 https://www.sohu.com/a/1084516771_121924582 360地图 POI（restapi.map.so.com） | AA84: 中 | AB84: 运营方及是否开设对外青少年课程未核实
A85: 84 | B85: 双流区 | C85: 双流区足球协会 | E85: 协会 | F85: 协会（组织/承办青少年赛事） | G85: 待核实 | M85: =IF(L85="","",说明!$B$4-L85) | R85: =IF(AND(P85="",O85=""),"",IF(OR(N(P85)>=说明!$B$5,N(O85)>=说明!$B$6),"大型",IF(OR(N(P85)>=说明!$B$7,N(O85)>=说明!$B$8),"中型","小型"))) | S85: 仅在赛事平台球队页的管理人员信息中出现 | Z85: https://www.szfa.org.cn/team/3284 | AA85: 低 | AB85: 未找到协会青训项目
A86: 85 | B86: 双流区 | C86: 斯巴达足球学院(新川校区) | D86: 斯巴达足球学院 | E86: 培训机构 | F86: 名称显示青少年业务（待核实） | G86: 运营中（地图收录） | I86: 成都市双流区新川五号运动场 | M86: =IF(L86="","",说明!$B$4-L86) | R86: =IF(AND(P86="",O86=""),"",IF(OR(N(P86)>=说明!$B$5,N(O86)>=说明!$B$6),"大型",IF(OR(N(P86)>=说明!$B$7,N(O86)>=说明!$B$8),"中型","小型"))) | Z86: 360地图 POI（restapi.map.so.com） | AA86: 中
A87: 86 | B87: 双流区 | C87: AFC空港足球汇 | D87: AFC空港足球汇 | E87: 业余俱乐部 | F87: 待核实（可能为成人业余球队/场地） | G87: 运营中（地图收录） | I87: 成都市双流区大件路文星段5号 | J87: 13666179731 | M87: =IF(L87="","",说明!$B$4-L87) | R87: =IF(AND(P87="",O87=""),"",IF(OR(N(P87)>=说明!$B$5,N(O87)>=说明!$B$6),"大型",IF(OR(N(P87)>=说明!$B$7,N(O87)>=说明!$B$8),"中型","小型"))) | Z87: 360地图 POI（restapi.map.so.com） | AA87: 中
A88: 87 | B88: 双流区 | C88: 众禾足球俱乐部（双流） | D88: 众禾足球俱乐部 | E88: 业余俱乐部 | F88: 待核实（可能为成人业余球队/场地） | G88: 运营中（地图收录） | I88: 成都市双流区珠江北路11号 | M88: =IF(L88="","",说明!$B$4-L88) | Q88: 锦江区 众禾双桥子足球公园（环球汇·天誉）；另见静思南巷与中环路锦绣大道段交叉口 | R88: =IF(AND(P88="",O88=""),"",IF(OR(N(P88)>=说明!$B$5,N(O88)>=说明!$B$6),"大型",IF(OR(N(P88)>=说明!$B$7,N(O88)>=说明!$B$8),"中型","小型"))) | Z88: 360地图 POI（restapi.map.so.com） https://cd.jiaoyubao.cn/zuqiu/dt_z1910.html | AA88: 中 | AB88: 教育宝：暂无评分
A89: 88 | B89: 双流区 | C89: 四川锦飞体育足球俱乐部 | D89: 锦飞体育足球俱乐部 | E89: 业余俱乐部 | F89: 待核实（可能为成人业余球队/场地） | G89: 运营中（平台收录） | M89: =IF(L89="","",说明!$B$4-L89) | R89: =IF(AND(P89="",O89=""),"",IF(OR(N(P89)>=说明!$B$5,N(O89)>=说明!$B$6),"大型",IF(OR(N(P89)>=说明!$B$7,N(O89)>=说明!$B$8),"中型","小型"))) | Z89: https://huodong.com/venue/detail/tuuxus | AA89: 低
A90: 89 | B90: 双流区 | C90: 成狮足球俱乐部训练基地(天然草场) | D90: 成狮足球俱乐部训练基地 | E90: 业余俱乐部 | F90: 待核实（可能为成人业余球队/场地） | G90: 运营中（平台收录） | M90: =IF(L90="","",说明!$B$4-L90) | R90: =IF(AND(P90="",O90=""),"",IF(OR(N(P90)>=说明!$B$5,N(O90)>=说明!$B$6),"大型",IF(OR(N(P90)>=说明!$B$7,N(O90)>=说明!$B$8),"中型","小型"))) | Z90: https://huodong.com/venue/detail/nmgrmv | AA90: 低
A91: 90 | B91: 双流区 | C91: 成都沙克尔足球俱乐部 | D91: 沙克尔足球俱乐部 | E91: 业余俱乐部 | F91: 待核实（可能为成人业余球队/场地） | G91: 运营中（平台收录） | M91: =IF(L91="","",说明!$B$4-L91) | R91: =IF(AND(P91="",O91=""),"",IF(OR(N(P91)>=说明!$B$5,N(O91)>=说明!$B$6),"大型",IF(OR(N(P91)>=说明!$B$7,N(O91)>=说明!$B$8),"中型","小型"))) | Z91: https://huodong.com/venue/detail/rkpwpf | AA91: 低
A92: 91 | B92: 双流区 | C92: 星锐锋足球俱乐部 | D92: 星锐锋足球俱乐部 | E92: 业余俱乐部 | F92: 待核实（可能为成人业余球队/场地） | G92: 运营中（地图收录） | I92: 成都市双流区正兴街道天津路西段899号附5号 | M92: =IF(L92="","",说明!$B$4-L92) | R92: =IF(AND(P92="",O92=""),"",IF(OR(N(P92)>=说明!$B$5,N(O92)>=说明!$B$6),"大型",IF(OR(N(P92)>=说明!$B$7,N(O92)>=说明!$B$8),"中型","小型"))) | Z92: 360地图 POI（restapi.map.so.com） | AA92: 中
A93: 92 | B93: 双流区 | C93: 沸点足球俱乐部 | D93: 沸点足球 | E93: 其他 | F93: 待核实（来源未证实青训业务） | G93: 待核实 | I93: 空港运动公园附近 | M93: =IF(L93="","",说明!$B$4-L93) | R93: =IF(AND(P93="",O93=""),"",IF(OR(N(P93)>=说明!$B$5,N(O93)>=说明!$B$6),"大型",IF(OR(N(P93)>=说明!$B$7,N(O93)>=说明!$B$8),"中型","小型"))) | Z93: https://gs.ctrip.com/html5/you/sight/chengdu104/112649461.html | AA93: 低 | AB93: 仅确认存在，未证实开展青少年培训
A94: 93 | B94: 郫都区 | C94: 蜀之都足球俱乐部 | D94: 蜀之都 | E94: 业余俱乐部 | F94: 已证实（有来源） | G94: 待核实 | I94: 郫都区郫筒街道一里桥社区筑桥足球场（社区合伙人运营） | M94: =IF(L94="","",说明!$B$4-L94) | Q94: 一里桥社区筑桥足球场；地图收录：蜀之都足球俱乐部（郫都区）成都市郫都区中信大道一段103迪卡侬 | R94: =IF(AND(P94="",O94=""),"",IF(OR(N(P94)>=说明!$B$5,N(O94)>=说明!$B$6),"大型",IF(OR(N(P94)>=说明!$B$7,N(O94)>=说明!$B$8),"中型","小型"))) | S94: 按年龄设兴趣班、精英班，每周固定上课并办暑期训练；有U12参赛队 | Z94: https://www.thepaper.cn/newsDetail_forward_24040002 https://www.lysy360.com/team/13844 360地图 POI（restapi.map.so.com） | AA94: 中
A95: 94 | B95: 郫都区 | C95: 成都10号足球公园 | E95: 场馆运营方 | F95: 已证实（有来源） | G95: 待核实 | I95: 成都市郫都区（详细地址未知） | M95: =IF(L95="","",说明!$B$4-L95) | R95: =IF(AND(P95="",O95=""),"",IF(OR(N(P95)>=说明!$B$5,N(O95)>=说明!$B$6),"大型",IF(OR(N(P95)>=说明!$B$7,N(O95)>=说明!$B$8),"中型","小型"))) | S95: 1片室外人造草场地 | X95: 场地预订约380元/小时（非课程价） | Y95: 预订平台列出提供教学与培训服务 | Z95: https://www.mumingerlai.net/venue/football/cheng-du/0199e371034a7c4ca5543be937c98ec2.html | AA95: 低 | AB95: 是否面向青少年未核实
A96: 95 | B96: 郫都区 | C96: 成都旗胜体育培训 | D96: 旗胜体育 | E96: 培训机构 | F96: 已证实（有来源） | G96: 待核实 | I96: 西南交大犀浦校区田径场等（共10个训练点） | M96: =IF(L96="","",说明!$B$4-L96) | Q96: 10个，含西南交大九里堤田径场、犀浦校区田径场 | R96: =IF(AND(P96="",O96=""),"",IF(OR(N(P96)>=说明!$B$5,N(O96)>=说明!$B$6),"大型",IF(OR(N(P96)>=说明!$B$7,N(O96)>=说明!$B$8),"中型","小型"))) | S96: 10个校区 | Y96: 主业为中考体育培训，项目含足球 | Z96: https://m.jiaoyubao.cn/cd/ban/qiulei/sq_xinhuagongyuan.html | AA96: 低 | AB96: 非专门足球机构；多区校区
A97: 96 | B97: 郫都区 | C97: 郫都区足球协会 | E97: 协会 | F97: 协会（组织/承办青少年赛事） | G97: 待核实 | M97: =IF(L97="","",说明!$B$4-L97) | R97: =IF(AND(P97="",O97=""),"",IF(OR(N(P97)>=说明!$B$5,N(O97)>=说明!$B$6),"大型",IF(OR(N(P97)>=说明!$B$7,N(O97)>=说明!$B$8),"中型","小型"))) | S97: 成都市足协会员协会 | Y97: 承办“郫都区青少年足球公益培训”（2022年，区文旅体局主办）；承办成都足协三级裁判员培训班 | Z97: http://www.szfa.org.cn/fa/13?local=1 https://www.sohu.com/a/1076349372_122001006 https://www.sina.cn/news/detail/5345778388434962.html | AA97: 中
A98: 97 | B98: 郫都区 | C98: 骁将足球青训丨武侯 | D98: 骁将足球青训丨武侯 | E98: 培训机构 | F98: 名称显示青少年业务（待核实） | G98: 运营中（平台收录） | M98: =IF(L98="","",说明!$B$4-L98) | R98: =IF(AND(P98="",O98=""),"",IF(OR(N(P98)>=说明!$B$5,N(O98)>=说明!$B$6),"大型",IF(OR(N(P98)>=说明!$B$7,N(O98)>=说明!$B$8),"中型","小型"))) | Z98: https://huodong.com/venue/detail/idblwz | AA98: 低
A99: 98 | B99: 郫都区 | C99: 富博足球俱乐部 | D99: 富博足球俱乐部 | E99: 业余俱乐部 | F99: 待核实（可能为成人业余球队/场地） | G99: 运营中（地图收录） | I99: 成都市郫都区红光大道 | M99: =IF(L99="","",说明!$B$4-L99) | R99: =IF(AND(P99="",O99=""),"",IF(OR(N(P99)>=说明!$B$5,N(O99)>=说明!$B$6),"大型",IF(OR(N(P99)>=说明!$B$7,N(O99)>=说明!$B$8),"中型","小型"))) | Z99: 360地图 POI（restapi.map.so.com） | AA99: 中
A100: 99 | B100: 郫都区 | C100: 海友体育足球俱乐部(犀浦校区) | D100: 海友体育足球俱乐部 | E100: 业余俱乐部 | F100: 待核实（可能为成人业余球队/场地） | G100: 运营中（平台收录） | M100: =IF(L100="","",说明!$B$4-L100) | R100: =IF(AND(P100="",O100=""),"",IF(OR(N(P100)>=说明!$B$5,N(O100)>=说明!$B$6),"大型",IF(OR(N(P100)>=说明!$B$7,N(O100)>=说明!$B$8),"中型","小型"))) | Z100: https://huodong.com/venue/detail/pdyofy | AA100: 低
...

Sheet 足球场馆
A1: 序号 | B1: 区（市县） | C1: 场馆名称 | D1: 地址 | E1: 电话 | F1: 来源 | G1: 备注
A2: 1 | B2: 锦江区 | C2: 中锦驿动足球场 | D2: 成都市锦江区静沙北路与静秀路交叉口西北50米 | F2: 360地图 POI（restapi.map.so.com）
A3: 2 | B3: 锦江区 | C3: 众禾双桥子足球公园 | D3: 成都市锦江区双桥子南快速公交站前10米 | F3: 360地图 POI（restapi.map.so.com）
A4: 3 | B4: 锦江区 | C4: 兴城足球公园 | D4: 成都市锦江区百日红中路蓝润V客东都-1期南侧约50米 | E4: 18512871289 | F4: 360地图 POI（restapi.map.so.com）
A5: 4 | B5: 锦江区 | C5: 塔子山九天足球场 | F5: https://huodong.com/venue/detail/gjwsre
A6: 5 | B6: 锦江区 | C6: 天际线麒志体育足球公园 | F6: https://huodong.com/venue/detail/grroqj
A7: 6 | B7: 锦江区 | C7: 成都兴城邻里足球公园 | F7: https://huodong.com/venue/detail/gasacr
A8: 7 | B8: 锦江区 | C8: 晨辉路公园足球基地 | F8: https://huodong.com/venue/detail/nhqkcg
A9: 8 | B9: 锦江区 | C9: 经天320足球公园 | D9: 成都市锦江区经天西路320号 | F9: 360地图 POI（restapi.map.so.com）
A10: 9 | B10: 锦江区 | C10: 香樟社区足球场 | D10: 成都市锦江区吉树街绿地中心云玺468 | F10: 360地图 POI（restapi.map.so.com）
A11: 10 | B11: 青羊区 | C11: FF足球公园 | F11: https://huodong.com/venue/detail/jjobew
A12: 11 | B12: 青羊区 | C12: WePark玩湃社区智慧足球公园 | F12: https://huodong.com/venue/detail/krvjel
A13: 12 | B13: 青羊区 | C13: 东坡体育公园足球场 | F13: https://huodong.com/venue/detail/lbfbta
A14: 13 | B14: 青羊区 | C14: 大公园-足球场 | D14: 成都市青羊区蔡桥街道光华大道一段1666号 | F14: 360地图 POI（restapi.map.so.com）
A15: 14 | B15: 青羊区 | C15: 康达园足球场 | D15: 成都市青羊区纬八路成飞康达园东侧约60米 | F15: 360地图 POI（restapi.map.so.com）
A16: 15 | B16: 青羊区 | C16: 星工场足球场 | D16: 成都市青羊区金沙街道金鹏街中大君悦金沙北侧 | F16: 360地图 POI（restapi.map.so.com）
A17: 16 | B17: 青羊区 | C17: 青羊区光华大道蔡桥足球场 | D17: 成都市青羊区光华大道二段 | E17: 13558731323 | F17: 360地图 POI（restapi.map.so.com）
A18: 17 | B18: 金牛区 | C18: 五粮液文化体育中心专业足球场 | F18: https://huodong.com/venue/detail/vugjno
A19: 18 | B19: 金牛区 | C19: 兴恒足球公园 | F19: https://huodong.com/venue/detail/twppoa
A20: 19 | B20: 金牛区 | C20: 凤凰山体育公园-户外足球场 | D20: 成都市金牛区天回镇街道荣德路80号 | F20: 360地图 POI（restapi.map.so.com）
A21: 20 | B21: 金牛区 | C21: 凤凰山体育公园专业足球场 | D21: 成都市金牛区天回镇街道范围内 | F21: 360地图 POI（restapi.map.so.com）
A22: 21 | B22: 金牛区 | C22: 凤凰山体育公园户外足球场 | F22: https://huodong.com/venue/detail/bawbsv
A23: 22 | B23: 金牛区 | C23: 成都金沙足球公园 | D23: 成都市金牛区茶店子街道范围内 | F23: 360地图 POI（restapi.map.so.com）
A24: 23 | B24: 金牛区 | C24: 沙河源公园-足球场 | D24: 成都市金牛区九里堤北路88号(沙河源公园) | F24: 360地图 POI（restapi.map.so.com）
A25: 24 | B25: 金牛区 | C25: 羊犀足球场 | D25: 成都市金牛区黄金东一路56号 | E25: 13982252485 | F25: 360地图 POI（restapi.map.so.com）
A26: 25 | B26: 金牛区 | C26: 金牛体育中心-足球场 | D26: 成都市金牛区茶店子街道金牛体育中心 | F26: 360地图 POI（restapi.map.so.com）
A27: 26 | B27: 金牛区 | C27: 金牛体育中心足球场 | F27: https://huodong.com/venue/detail/mjgjso
A28: 27 | B28: 金牛区 | C28: 金牛足球公园 | D28: 成都市金牛区黄金路 | F28: 360地图 POI（restapi.map.so.com）
A29: 28 | B29: 武侯区 | C29: Joma BCN外双楠足球场 | D29: 成都市武侯区吉顺街88号 | E29: 15982055921 | F29: 360地图 POI（restapi.map.so.com）
A30: 29 | B30: 武侯区 | C30: 丽都公园-足球场 | D30: 成都市武侯区丽都路1号附1号 | E30: 13408631001 | F30: 360地图 POI（restapi.map.so.com）
A31: 30 | B31: 武侯区 | C31: 五大花园体育运动公园-五人制足球场 | D31: 成都市武侯区晋吉东二街256号五大花园体育运动公园 | F31: 360地图 POI（restapi.map.so.com）
A32: 31 | B32: 武侯区 | C32: 四川成都足球广场 | D32: 成都市武侯区太平寺西路 | F32: 360地图 POI（restapi.map.so.com）
A33: 32 | B33: 武侯区 | C33: 四川新北足球中心 | F33: https://huodong.com/venue/detail/cixjsi
A34: 33 | B34: 武侯区 | C34: 成都大牛足球公园 | D34: 成都市武侯区武阳大道一段268号西北方向90米 | E34: 19141929971 | F34: 360地图 POI（restapi.map.so.com）
A35: 34 | B35: 武侯区 | C35: 武侯足球公园 | D35: 成都市武侯区潮音路62号 | E35: 028-83384455 | F35: 360地图 POI（restapi.map.so.com）
A36: 35 | B36: 武侯区 | C36: 水韵园综合教育基地足球场 | D36: 成都市武侯区金花桥街道映月西街映月颐园17幢正西方向170米 | F36: 360地图 POI（restapi.map.so.com）
A37: 36 | B37: 武侯区 | C37: 润林足球场 | F37: https://huodong.com/venue/detail/yrbrzt
A38: 37 | B38: 武侯区 | C38: 潮音水岸篮球足球场 | F38: https://huodong.com/venue/detail/trxnhl
A39: 38 | B39: 武侯区 | C39: 皇家YS足球场 | D39: 成都市武侯区桂溪街道科华南路和平小区四期(东苑B区西) | F39: 360地图 POI（restapi.map.so.com）
A40: 39 | B40: 武侯区 | C40: 空港足球公园 | D40: 成都市武侯区珠江北路11号成都台双医院附近 | F40: 360地图 POI（restapi.map.so.com）
A41: 40 | B41: 武侯区 | C41: 翊宸足球公园 | D41: 成都市武侯区新园大道17号 | F41: 360地图 POI（restapi.map.so.com）
A42: 41 | B42: 武侯区 | C42: 跳跳体育足球运动公园 | D42: 成都市武侯区机投桥街道川九路半边街新居西区西北角 | F42: 360地图 POI（restapi.map.so.com）
A43: 42 | B43: 成华区 | C43: 东方足球场 | D43: 成都市成华区杉板桥南三路55号 | E43: 028-83278273 | F43: 360地图 POI（restapi.map.so.com）
A44: 43 | B44: 成华区 | C44: 城东足球公园 | F44: https://huodong.com/venue/detail/dlcrox
A45: 44 | B45: 成华区 | C45: 城市仁德足球公园 | D45: 成都市成华区龙潭街道 | F45: 360地图 POI（restapi.map.so.com）
A46: 45 | B46: 成华区 | C46: 城投青和·本直东九运动公园足球场 | F46: https://huodong.com/venue/detail/ainizt
A47: 46 | B47: 成华区 | C47: 成东·11号足球公园 | F47: https://huodong.com/venue/detail/foxwbr
A48: 47 | B48: 成华区 | C48: 成华圣灯公园-足球场 | D48: 成都市成华区成华大道和物流大道交汇处成华圣灯公园 | F48: 360地图 POI（restapi.map.so.com）
A49: 48 | B49: 成华区 | C49: 成都仕艾康足球运动中心 | D49: 成都市成华区跳蹬河北路公交站斜对面 | F49: 360地图 POI（restapi.map.so.com）
A50: 49 | B50: 成华区 | C50: 本直东九运动公园足球场 | D50: 成都市成华区范围内 | F50: 360地图 POI（restapi.map.so.com）
A51: 50 | B51: 成华区 | C51: 爱球青龙场五人制足球场 | F51: https://huodong.com/venue/detail/cvsgbb
A52: 51 | B52: 高新区 | C52: 中和T98足球场 | D52: 成都市高新区中和街道中柏大道延长壳牌加油站以东200米 | F52: 360地图 POI（restapi.map.so.com）
A53: 52 | B53: 天府新区 | C53: 东安湖公园运动岛足球场 | F53: https://huodong.com/venue/detail/mmyjrt
A54: 53 | B54: 天府新区 | C54: 中国现代五项赛事中心-足球场 | F54: https://huodong.com/venue/detail/zwyzvn
A55: 54 | B55: 天府新区 | C55: 叁分足球公园 | F55: https://huodong.com/venue/detail/qxmpkw
A56: 55 | B56: 天府新区 | C56: 海创园足球场 | F56: https://huodong.com/venue/detail/exbznr
A57: 56 | B57: 天府新区 | C57: 红石足球公园 | F57: https://huodong.com/venue/detail/fgkgtq
A58: 57 | B58: 天府新区 | C58: 贝跃动室外足球场(方圆荟TOPARK店) | F58: https://huodong.com/venue/detail/gxwsqi
A59: 58 | B59: 龙泉驿区 | C59: 东安湖体育公园室外足球场 | D59: 成都市龙泉驿区东安街道范围内 | F59: 360地图 POI（restapi.map.so.com）
A60: 59 | B60: 龙泉驿区 | C60: 动影聚创十陵足球场-成人竞训中心 | F60: https://huodong.com/venue/detail/uszjck
A61: 60 | B61: 龙泉驿区 | C61: 国际足球村 | D61: 成都市龙泉驿区忠北路与忠诚路交叉口东南200米 | F61: 360地图 POI（restapi.map.so.com）
A62: 61 | B62: 龙泉驿区 | C62: 成都市龙泉驿阳光城专业足球场 | D62: 成都市龙泉驿区忠北路180号 | F62: 360地图 POI（restapi.map.so.com）
A63: 62 | B63: 龙泉驿区 | C63: 百灵鸟FDSP踢球者足球公园 | D63: 成都市龙泉驿区大面街道惠王陵东路508号 | F63: 360地图 POI（restapi.map.so.com）
A64: 63 | B64: 龙泉驿区 | C64: 诺坎普足球平衡车滑步车公园 | F64: https://huodong.com/venue/detail/ixzxdx
A65: 64 | B65: 青白江区 | C65: 川化时光驿站足球场 | F65: https://huodong.com/venue/detail/znadog
A66: 65 | B66: 青白江区 | C66: 成都市青白江区文体中心-足球场 | D66: 成都市青白江区凤凰西七路366号(成都市青白江区文体中心) | F66: 360地图 POI（restapi.map.so.com）
A67: 66 | B67: 新都区 | C67: 成都第一足球村 | F67: https://huodong.com/venue/detail/kpljap
A68: 67 | B68: 新都区 | C68: 斑竹园足球音乐小镇 | D68: 成都市新都区斑竹园足球音乐小镇 | F68: 360地图 POI（restapi.map.so.com）
A69: 68 | B69: 新都区 | C69: 新都区三河村足球场 | D69: 成都市新都区斑竹园街道范围内 | F69: 360地图 POI（restapi.map.so.com）
A70: 69 | B70: 新都区 | C70: 新都香城体育中心足球场 | D70: 成都市新都区新都街道范围内 | F70: 360地图 POI（restapi.map.so.com）
A71: 70 | B71: 新都区 | C71: 道之龙体育足球场 | F71: https://huodong.com/venue/detail/ylgobt
A72: 71 | B72: 新都区 | C72: 香城体育中心5人制足球场 | D72: 成都市新都区兴乐北路188正东方向170米 | F72: 360地图 POI（restapi.map.so.com）
A73: 72 | B73: 新都区 | C73: 香城体育中心7人制足球场 | D73: 成都市新都区兴乐北路88正东方向140米 | F73: 360地图 POI（restapi.map.so.com）
A74: 73 | B74: 双流区 | C74: 20号足球公园 | D74: 成都市双流区杭州路东段与蜀州路交叉口西南150米 | F74: 360地图 POI（restapi.map.so.com）
A75: 74 | B75: 双流区 | C75: 会龙公园足球场 | D75: 成都市双流区华府大道一段与观音湾路交叉口东320米 | F75: 360地图 POI（restapi.map.so.com）
A76: 75 | B76: 双流区 | C76: 动影三利星源足球场-成人竞训中心 | D76: 成都市双流区万东南一路与万东路交叉口东南200米 | F76: 360地图 POI（restapi.map.so.com）
A77: 76 | B77: 双流区 | C77: 千竞足球中心(空港运动公园店) | D77: 成都市双流区范围内 | F77: 360地图 POI（restapi.map.so.com）
A78: 77 | B78: 双流区 | C78: 双流体育中心-五人制足球场 | D78: 成都市双流区银河路五段20双流体育中心内 | E78: 13568918875 | F78: 360地图 POI（restapi.map.so.com）
A79: 78 | B79: 双流区 | C79: 天翼足球公园 | D79: 成都市双流区金河路66号 | F79: 360地图 POI（restapi.map.so.com）
A80: 79 | B80: 双流区 | C80: 川投五人制足球场 | D80: 成都市双流区金河路66号四川国际网球中心内 | E80: 028-85893566 | F80: 360地图 POI（restapi.map.so.com）
A81: 80 | B81: 双流区 | C81: 成都谢菲联足球公园 | D81: 成都市双流区金河路与航园路交汇处附近西北 | F81: 360地图 POI（restapi.map.so.com）
A82: 81 | B82: 双流区 | C82: 毛家湾足球训练基地 | D82: 成都市双流区正兴街道回龙井附近 | F82: 360地图 POI（restapi.map.so.com）
A83: 82 | B83: 双流区 | C83: 西赞·酷玛足球公园 | D83: 成都市双流区范围内 | F83: 360地图 POI（restapi.map.so.com）
A84: 83 | B84: 双流区 | C84: 锐博足球公园 | D84: 成都市双流区正东下街 | F84: 360地图 POI（restapi.map.so.com）
A85: 84 | B85: 郫都区 | C85: 10号足球公园 | D85: 成都市郫都区科化二路杜鹃路38号 | E85: 18180555898 | F85: 360地图 POI（restapi.map.so.com）
A86: 85 | B86: 郫都区 | C86: 创客足球运动中心 | D86: 成都市郫都区德源街道展望东路与胜利北街交汇处创新展览中心西侧 | F86: 360地图 POI（restapi.map.so.com）
A87: 86 | B87: 郫都区 | C87: 天河足球场 | D87: 成都市郫都区天河路288号 | E87: 18628373081 | F87: 360地图 POI（restapi.map.so.com）
A88: 87 | B88: 郫都区 | C88: 戴蒙·西区八人制足球场 | F88: https://huodong.com/venue/detail/uqpiyo
A89: 88 | B89: 郫都区 | C89: 犀和足球场 | D89: 成都市郫都区校园路与曲锦路交叉路口往西南约100米 | F89: 360地图 POI（restapi.map.so.com）
A90: 89 | B90: 郫都区 | C90: 犀浦荣胜足球场 | D90: 成都市郫都区王公堰路与石亭路交叉口西南300米 | F90: 360地图 POI（restapi.map.so.com）
A91: 90 | B91: 郫都区 | C91: 筑桥足球场 | F91: https://huodong.com/venue/detail/imktcz
A92: 91 | B92: 郫都区 | C92: 迪卡侬免费运动场-足球场 | D92: 成都市郫都区中信大道一段103迪卡侬 | F92: 360地图 POI（restapi.map.so.com）
A93: 92 | B93: 郫都区 | C93: 郫都区市民体育公园足球场 | F93: https://huodong.com/venue/detail/lfpjdo
A94: 93 | B94: 郫都区 | C94: 雷速益动足球公园 | F94: https://huodong.com/venue/detail/yoyoay
A95: 94 | B95: 新津区 | C95: 百溪堰五人制足球场 | D95: 成都市新津区五津街道太中东街与清源路交汇处津城绿地东区东侧 | F95: 360地图 POI（restapi.map.so.com）
A96: 95 | B96: 简阳市 | C96: 简阳市体育中心-足球场 | D96: 成都市简阳市体育中心内 | E96: 15760024700 | F96: 360地图 POI（restapi.map.so.com）
A97: 96 | B97: 都江堰市 | C97: 海航·中国集·锦润青城-足球场 | D97: 成都市都江堰市海航中国集·锦润青城西北门(海航·中国集·锦润青城) | F97: 360地图 POI（restapi.map.so.com）
A98: 97 | B98: 都江堰市 | C98: 竟扬体育足球公园 | F98: https://huodong.com/venue/detail/qsnabe
A99: 98 | B99: 彭州市 | C99: 圣力凯运动中心-足球场 | D99: 成都市彭州市天彭街道天府西路198号 | F99: 360地图 POI（restapi.map.so.com）
A100: 99 | B100: 崇州市 | C100: 崇州市体育中心-足球场 | D100: 成都市崇州市崇阳街道兴体街与英姿街交汇处体育中心 | F100: 360地图 POI（restapi.map.so.com）
...

Sheet 锦江区
A1: 序号 | B1: 区（市县） | C1: 机构名称 | D1: 品牌/所属 | E1: 机构类型 | F1: 青训业务 | G1: 运营状态 | H1: 公司/法人名称 | I1: 训练地址 | J1: 联系电话 | K1: 其他联系方式 | L1: 成立年份 | M1: 运营年限（年） | N1: 运营年限说明 | O1: 教练员数量 | P1: 学员数量 | Q1: 校区/场地数 | R1: 规模等级 | S1: 规模说明 | T1: 招生年龄 | U1: 大众点评评分 | V1: 美团评分 | W1: 其他平台评分 | X1: 收费信息 | Y1: 荣誉/资质 | Z1: 信息来源 | AA1: 可信度 | AB1: 待核实/备注
A2: 1 | B2: 锦江区 | C2: 四川省宇晖仁德足球俱乐部（卡尔美·成都仁德足球青训基地） | D2: 仁德足球 | E2: 业余俱乐部 | F2: 已证实（有来源） | G2: 待核实 | H2: 四川省宇晖仁德体育文化传播有限责任公司（关联待确认） | I2: 三环路东一段附近 | J2: +86-15114062861 | K2: 官网 http://www.yhrdty.com | L2: 2015 | M2: =IF(L2="","",说明!$B$4-L2) -> 11 | N2: 公司2015-03-05成立（企查查）；注册资本200万元；法定代表人马明宇 | P2: 200 | Q2: 卡尔美成都仁德足球青训基地；锦江仁德足球主题公园 | R2: =IF(AND(P2="",O2=""),"",IF(OR(N(P2)>=说明!$B$5,N(O2)>=说明!$B$6),"大型",IF(OR(N(P2)>=说明!$B$7,N(O2)>=说明!$B$8),"中型","小型"))) -> 中型 | S2: 向锦江、成华、武侯等区学校派驻教练；长期学员约200名（百度百科，年份未注明）；拥有14块标准场地（四川省体育局2020年报道） | T2: 4–18岁 | Y2: 2018雪佛兰全国少儿足球冠军赛成都赛区冠军 | Z2: http://www.yhrdty.com/index.php?m=content&c=index&a=lists&catid=19 https://www.thecfa.cn/cgzq/20190114/26088.html 360地图 POI（restapi.map.so.com） https://huodong.com/venue/detail/tktmlk https://m.qcc.com/firm/3bac3d95ecf684438bd98491320d4a5c.html https://tyj.sc.gov.cn/sctyj/TYaddN/2020/9/14/9855f7280b6649d3bcbf0dd0560f9629.shtml https://baike.baidu.com/item/%E5%9B%9B%E5%B7%9D%E5%AE%87%E6%99%96%E4%BB%81%E5%BE%B7%E8%B6%B3%E7%90%83%E4%BF%B1%E4%B9%90%E9%83%A8/64016151 | AA2: 中 | AB2: 所在区为推断
A3: 2 | B3: 锦江区 | C3: 之己体育迈浪足球学院（锦江店） | D3: 之己体育 / 迈浪足球 | E3: 培训机构 | F3: 已证实（有来源） | G3: 待核实 | I3: 锦江区动感熊猫体育公园内 | J3: 18980068009 | M3: =IF(L3="","",说明!$B$4-L3) | Q3: 锦江店 | R3: =IF(AND(P3="",O3=""),"",IF(OR(N(P3)>=说明!$B$5,N(O3)>=说明!$B$6),"大型",IF(OR(N(P3)>=说明!$B$7,N(O3)>=说明!$B$8),"中型","小型"))) | S3: 5人制、7人制人造草场地 | Z3: https://huodong.com/venue/detail/eyLaq https://huodong.com/venue/detail/qhispx | AA3: 低
A4: 3 | B4: 锦江区 | C4: 索福德青少儿快乐足球培训 | D4: 索福德 | E4: 培训机构 | F4: 已证实（有来源） | G4: 待核实 | I4: 锦江区晨辉西路56号足球公园园区内 | K4: 网站 soccerworld.cn | M4: =IF(L4="","",说明!$B$4-L4) | Q4: 锦江区晨辉西路56号足球公园园区内配套1号办公房屋 | R4: =IF(AND(P4="",O4=""),"",IF(OR(N(P4)>=说明!$B$5,N(O4)>=说明!$B$6),"大型",IF(OR(N(P4)>=说明!$B$7,N(O4)>=说明!$B$8),"中型","小型"))) | W4: 3.0（教育宝（口碑值）） | Z4: https://cd.jiaoyubao.cn/zuqiu/ https://s.jiaoyubao.cn/do/?c=cd&classename=qiulei&k=%E5%B0%91%E5%84%BF | AA4: 低
A5: 4 | B5: 锦江区 | C5: 大牛青少年足球俱乐部 | D5: 大牛青少年足球俱乐部 | E5: 业余俱乐部 | F5: 名称显示青少年业务（待核实） | G5: 运营中（平台收录） | M5: =IF(L5="","",说明!$B$4-L5) | R5: =IF(AND(P5="",O5=""),"",IF(OR(N(P5)>=说明!$B$5,N(O5)>=说明!$B$6),"大型",IF(OR(N(P5)>=说明!$B$7,N(O5)>=说明!$B$8),"中型","小型"))) | Z5: https://huodong.com/venue/detail/yqnohb | AA5: 低
A6: 5 | B6: 锦江区 | C6: 圣斯顿足球俱乐部 | D6: 圣斯顿足球俱乐部 | E6: 业余俱乐部 | F6: 待核实（可能为成人业余球队/场地） | G6: 运营中（平台收录） | M6: =IF(L6="","",说明!$B$4-L6) | R6: =IF(AND(P6="",O6=""),"",IF(OR(N(P6)>=说明!$B$5,N(O6)>=说明!$B$6),"大型",IF(OR(N(P6)>=说明!$B$7,N(O6)>=说明!$B$8),"中型","小型"))) | Z6: https://huodong.com/venue/detail/zbwuqj | AA6: 低
A7: 6 | B7: 锦江区 | C7: 天际线足球俱乐部 | D7: 天际线足球俱乐部 | E7: 业余俱乐部 | F7: 待核实（可能为成人业余球队/场地） | G7: 运营中（地图收录） | I7: 成都市锦江区琉新路301号 | J7: 18628004621 | M7: =IF(L7="","",说明!$B$4-L7) | R7: =IF(AND(P7="",O7=""),"",IF(OR(N(P7)>=说明!$B$5,N(O7)>=说明!$B$6),"大型",IF(OR(N(P7)>=说明!$B$7,N(O7)>=说明!$B$8),"中型","小型"))) | Z7: 360地图 POI（restapi.map.so.com） | AA7: 中
A8: 7 | B8: 锦江区 | C8: 跃九天足球俱乐部 | D8: 跃九天足球俱乐部 | E8: 业余俱乐部 | F8: 待核实（可能为成人业余球队/场地） | G8: 运营中（平台收录） | M8: =IF(L8="","",说明!$B$4-L8) | R8: =IF(AND(P8="",O8=""),"",IF(OR(N(P8)>=说明!$B$5,N(O8)>=说明!$B$6),"大型",IF(OR(N(P8)>=说明!$B$7,N(O8)>=说明!$B$8),"中型","小型"))) | Z8: https://huodong.com/venue/detail/rdcpde | AA8: 低
A9: 8 | B9: 锦江区 | C9: 众禾足球俱乐部 | D9: 众禾足球 | E9: 培训机构 | F9: 待核实（来源未证实青训业务） | G9: 待核实 | I9: 锦江区 众禾双桥子足球公园（环球汇·天誉）；另见静思南巷与中环路锦绣大道段交叉口 | M9: =IF(L9="","",说明!$B$4-L9) | R9: =IF(AND(P9="",O9=""),"",IF(OR(N(P9)>=说明!$B$5,N(O9)>=说明!$B$6),"大型",IF(OR(N(P9)>=说明!$B$7,N(O9)>=说明!$B$8),"中型","小型"))) | S9: 参加第一届中国青少年足球联赛（四川赛区）U9并小组出线；场地地图列有“众禾双桥子足球公园”（关系未证实） | X9: 周末班、寒暑假集训 | Z9: https://huodong.com/venue/detail/eyLaA https://sichuan.scol.com.cn/ggxw/202302/58806642.html https://cd.jiaoyubao.cn/zuqiu/dt_z1910.html | AA9: 中 | AB9: 教育宝：暂无评分
A10: 9 | B10: 锦江区 | C10: 传奇足球梦工场 | D10: 传奇足球梦工场 | E10: 培训机构 | F10: 待核实（可能为成人业余球队/场地） | G10: 运营中（地图收录） | I10: 成都市锦江区桦彩路89号 | J10: 028-61112170 | M10: =IF(L10="","",说明!$B$4-L10) | R10: =IF(AND(P10="",O10=""),"",IF(OR(N(P10)>=说明!$B$5,N(O10)>=说明!$B$6),"大型",IF(OR(N(P10)>=说明!$B$7,N(O10)>=说明!$B$8),"中型","小型"))) | Z10: 360地图 POI（restapi.map.so.com） | AA10: 中
A11: 10 | B11: 锦江区 | C11: 绿轴兴城足球公园(训练基地) | D11: 绿轴兴城足球公园 | E11: 职业俱乐部青训 | F11: 待核实（可能为成人业余球队/场地） | G11: 运营中（地图收录） | I11: 成都市锦江区首开龙湖天璞东门东北 | J11: 18512871289 | M11: =IF(L11="","",说明!$B$4-L11) | R11: =IF(AND(P11="",O11=""),"",IF(OR(N(P11)>=说明!$B$5,N(O11)>=说明!$B$6),"大型",IF(OR(N(P11)>=说明!$B$7,N(O11)>=说明!$B$8),"中型","小型"))) | Z11: 360地图 POI（restapi.map.so.com） | AA11: 中 | AB11: 成都蓉城足球俱乐部训练基地（地图名称），是否对外开设青少年课程未知

Sheet 青羊区
A1: 序号 | B1: 区（市县） | C1: 机构名称 | D1: 品牌/所属 | E1: 机构类型 | F1: 青训业务 | G1: 运营状态 | H1: 公司/法人名称 | I1: 训练地址 | J1: 联系电话 | K1: 其他联系方式 | L1: 成立年份 | M1: 运营年限（年） | N1: 运营年限说明 | O1: 教练员数量 | P1: 学员数量 | Q1: 校区/场地数 | R1: 规模等级 | S1: 规模说明 | T1: 招生年龄 | U1: 大众点评评分 | V1: 美团评分 | W1: 其他平台评分 | X1: 收费信息 | Y1: 荣誉/资质 | Z1: 信息来源 | AA1: 可信度 | AB1: 待核实/备注
A2: 1 | B2: 青羊区 | C2: 皇家贝里斯足球俱乐部（皇贝青训） | D2: 皇贝 | E2: 业余俱乐部 | F2: 已证实（有来源） | G2: 待核实 | I2: 青羊区贝森北路西村大院 | J2: 18080802014 | L2: 2013 | M2: =IF(L2="","",说明!$B$4-L2) -> 13 | N2: 百科称2013年底创立（另说2014年）；运营公司2016年5月成立 | P2: 5000 | Q2: 西村、光华、清波、桂溪、晨辉 5个校区（百度百科）；青羊区贝森北路1号西村大院 | R2: =IF(AND(P2="",O2=""),"",IF(OR(N(P2)>=说明!$B$5,N(O2)>=说明!$B$6),"大型",IF(OR(N(P2)>=说明!$B$7,N(O2)>=说明!$B$8),"中型","小型"))) -> 大型 | S2: 多支6–12岁梯队及兴趣班；累计学员5000余名（百度百科，2025）；约2017年调查：教练10余名 | T2: 6–12岁梯队 | X2: 较早调查：寒假班1280元（年份未标注） | Y2: 据称2019年获中国足协“全国社会足球品牌青训机构”认定（四川唯一）；青训总教练持亚足联A级；青训总教练张林海（原成都五牛主帅） | Z2: https://www.sohu.com/a/338252396_120288288 https://baike.baidu.com/item/%E7%9A%87%E5%AE%B6%E8%B4%9D%E9%87%8C%E6%96%AF%E8%B6%B3%E7%90%83%E4%BF%B1%E4%B9%90%E9%83%A8/16686556 https://m.dongqiudi.com/article/2144123.html 360地图 POI（restapi.map.so.com） http://www.dianping.com/shop/25035403/photos?pg=17 | AA2: 中 | AB2: 有门店页（西村校区），评分未显示
A3: 2 | B3: 青羊区 | C3: FF体育公园（FF足球公园 · 成都足协青少年足球培训中心） | D3: FF体育公园 / 成都足协 | E3: 场馆运营方 | F3: 已证实（有来源） | G3: 运营中 | I3: 成都市青羊区光华大道一段（万家湾公交总站旁） | J3: 028-86743798 | K3: 电话见中国足协官网成都青训中心页面 | M3: =IF(L3="","",说明!$B$4-L3) | Q3: 地图收录：FF足球公园卡丁车俱乐部（青羊区）成都市青羊区蔡桥街道光华8线与成飞大道交汇处万家福地西南角；地图收录：国家青少年足球训练中心（青羊区）成都市青羊区光华南三路88号正西方向180米 | R3: =IF(AND(P3="",O3=""),"",IF(OR(N(P3)>=说明!$B$5,N(O3)>=说明!$B$6),"大型",IF(OR(N(P3)>=说明!$B$7,N(O3)>=说明!$B$8),"中型","小型"))) | S3: 约80亩、投资约1.3亿元；5块五人制、4块八人制、2块十一人制场地；成都足协挂牌青少年足球培训中心、足球重点项目训练基地 | Y3: 中国足协2026年确定成都为大区青训中心（13–15岁，覆盖西南）；拉玛足球在此设校区 | Z3: https://www.thecfa.cn/qxunzx/20180903/24556.html https://m.dongqiudi.com/article/1654210.html https://sports.sina.cn/2026-08-18/detail-ininswmx7436499.d.html?vt=4 360地图 POI（restapi.map.so.com） | AA3: 中 | AB3: 电话为中国足协页面所列青训中心电话，数据时间较早；地图另列名称：国家青少年足球训练中心（青羊区）
A4: 3 | B4: 青羊区 | C4: 拉玛足球 · 青羊区校区（优品道、FF体育公园） | D4: 拉玛足球 | E4: 培训机构 | F4: 已证实（有来源） | G4: 待核实 | I4: 优品道：青羊大道99号优品广场；FF体育公园：光华大道一段 | M4: =IF(L4="","",说明!$B$4-L4) | Q4: 地图收录：成都拉玛足球俱乐部（青羊区）成都市青羊区青羊大道99号附1优品道广场4F | R4: =IF(AND(P4="",O4=""),"",IF(OR(N(P4)>=说明!$B$5,N(O4)>=说明!$B$6),"大型",IF(OR(N(P4)>=说明!$B$7,N(O4)>=说明!$B$8),"中型","小型"))) | Z4: https://m.youkee.com/xuexiao/lmzq_xiaoqu.html 360地图 POI（restapi.map.so.com） | AA4: 低
A5: 4 | B5: 青羊区 | C5: 花香青少年足球（青羊校区） | D5: 花香 | E5: 培训机构 | F5: 已证实（有来源） | G5: 风险：现状未知 | I5: 青羊区蜀辉路金沙国际商城 | M5: =IF(L5="","",说明!$B$4-L5) | R5: =IF(AND(P5="",O5=""),"",IF(OR(N(P5)>=说明!$B$5,N(O5)>=说明!$B$6),"大型",IF(OR(N(P5)>=说明!$B$7,N(O5)>=说明!$B$8),"中型","小型"))) | T5: 5–14岁 | Z5: https://m.youkee.com/kecheng/11810.html | AA5: 低 | AB5: 品牌母公司2024年北京闭店风波，见“花香盛世体育（品牌）”
A6: 5 | B6: 青羊区 | C6: 中达舒弘青少年足球运动俱乐部(光华校区) | D6: 中达舒弘青少年足球运动俱乐部 | E6: 业余俱乐部 | F6: 名称显示青少年业务（待核实） | G6: 运营中（平台收录） | M6: =IF(L6="","",说明!$B$4-L6) | R6: =IF(AND(P6="",O6=""),"",IF(OR(N(P6)>=说明!$B$5,N(O6)>=说明!$B$6),"大型",IF(OR(N(P6)>=说明!$B$7,N(O6)>=说明!$B$8),"中型","小型"))) | Z6: https://huodong.com/venue/detail/hylemk | AA6: 低
A7: 6 | B7: 青羊区 | C7: 青羊区青少年足球训练基地 | D7: 青羊区青少年足球训练基地 | E7: 培训机构 | F7: 名称显示青少年业务（待核实） | G7: 运营中（平台收录） | M7: =IF(L7="","",说明!$B$4-L7) | R7: =IF(AND(P7="",O7=""),"",IF(OR(N(P7)>=说明!$B$5,N(O7)>=说明!$B$6),"大型",IF(OR(N(P7)>=说明!$B$7,N(O7)>=说明!$B$8),"中型","小型"))) | Z7: https://huodong.com/venue/detail/oqeogw | AA7: 低
A8: 7 | B8: 青羊区 | C8: 99号球会 | D8: 99号球会 | E8: 业余俱乐部 | F8: 待核实（可能为成人业余球队/场地） | G8: 运营中（地图收录） | I8: 成都市青羊区文家街道文家大道 | M8: =IF(L8="","",说明!$B$4-L8) | R8: =IF(AND(P8="",O8=""),"",IF(OR(N(P8)>=说明!$B$5,N(O8)>=说明!$B$6),"大型",IF(OR(N(P8)>=说明!$B$7,N(O8)>=说明!$B$8),"中型","小型"))) | Z8: 360地图 POI（restapi.map.so.com） | AA8: 中
A9: 8 | B9: 青羊区 | C9: 金鹰足球俱乐部 | D9: 金鹰足球俱乐部 | E9: 业余俱乐部 | F9: 待核实（可能为成人业余球队/场地） | G9: 运营中（地图收录） | I9: 成都市青羊区康河街道土龙公路四川商务职业学院东南角 | M9: =IF(L9="","",说明!$B$4-L9) | R9: =IF(AND(P9="",O9=""),"",IF(OR(N(P9)>=说明!$B$5,N(O9)>=说明!$B$6),"大型",IF(OR(N(P9)>=说明!$B$7,N(O9)>=说明!$B$8),"中型","小型"))) | Z9: 360地图 POI（restapi.map.so.com） | AA9: 中
A10: 9 | B10: 青羊区 | C10: 玩湃社区足球公园 | D10: 玩湃社区足球公园 | E10: 场馆运营方 | F10: 待核实（可能为成人业余球队/场地） | G10: 运营中（地图收录） | I10: 成都市青羊区通惠门路37号 | J10: 028-18116599858 | M10: =IF(L10="","",说明!$B$4-L10) | R10: =IF(AND(P10="",O10=""),"",IF(OR(N(P10)>=说明!$B$5,N(O10)>=说明!$B$6),"大型",IF(OR(N(P10)>=说明!$B$7,N(O10)>=说明!$B$8),"中型","小型"))) | S10: 约900㎡，成都首个社区智慧足球公园，设24小时智慧足球课堂 | Z10: 360地图 POI（restapi.map.so.com） https://cbgc.scol.com.cn/news/158341 | AA10: 中

Sheet 金牛区
A1: 序号 | B1: 区（市县） | C1: 机构名称 | D1: 品牌/所属 | E1: 机构类型 | F1: 青训业务 | G1: 运营状态 | H1: 公司/法人名称 | I1: 训练地址 | J1: 联系电话 | K1: 其他联系方式 | L1: 成立年份 | M1: 运营年限（年） | N1: 运营年限说明 | O1: 教练员数量 | P1: 学员数量 | Q1: 校区/场地数 | R1: 规模等级 | S1: 规模说明 | T1: 招生年龄 | U1: 大众点评评分 | V1: 美团评分 | W1: 其他平台评分 | X1: 收费信息 | Y1: 荣誉/资质 | Z1: 信息来源 | AA1: 可信度 | AB1: 待核实/备注
A2: 1 | B2: 金牛区 | C2: 成都大牛体育培训 | D2: 大牛 | E2: 培训机构 | F2: 已证实（有来源） | G2: 待核实 | I2: 成都市金牛区金科苑东街65号1栋5单元1层1号 | M2: =IF(L2="","",说明!$B$4-L2) | R2: =IF(AND(P2="",O2=""),"",IF(OR(N(P2)>=说明!$B$5,N(O2)>=说明!$B$6),"大型",IF(OR(N(P2)>=说明!$B$7,N(O2)>=说明!$B$8),"中型","小型"))) | S2: 教育宝金牛区足球培训列表收录 | Z2: https://cd.jiaoyubao.cn/zuqiu/qu_jinniu.html | AA2: 中 | AB2: 教育宝地址为机构自填，可能已过时
A3: 2 | B3: 金牛区 | C3: 成都杰冠体育培训 | D3: 杰冠 | E3: 培训机构 | F3: 已证实（有来源） | G3: 待核实 | I3: 成都市金牛区天龙大道942号1层 | M3: =IF(L3="","",说明!$B$4-L3) | R3: =IF(AND(P3="",O3=""),"",IF(OR(N(P3)>=说明!$B$5,N(O3)>=说明!$B$6),"大型",IF(OR(N(P3)>=说明!$B$7,N(O3)>=说明!$B$8),"中型","小型"))) | S3: 教育宝金牛区足球培训列表收录 | Z3: https://cd.jiaoyubao.cn/zuqiu/qu_jinniu.html | AA3: 中 | AB3: 教育宝地址为机构自填，可能已过时
A4: 3 | B4: 金牛区 | C4: 拉玛足球 · 花照壁校区 | D4: 拉玛足球 | E4: 培训机构 | F4: 已证实（有来源） | G4: 待核实 | M4: =IF(L4="","",说明!$B$4-L4) | R4: =IF(AND(P4="",O4=""),"",IF(OR(N(P4)>=说明!$B$5,N(O4)>=说明!$B$6),"大型",IF(OR(N(P4)>=说明!$B$7,N(O4)>=说明!$B$8),"中型","小型"))) | Z4: https://m.youkee.com/xiaoqu/7257.html | AA4: 低
A5: 4 | B5: 金牛区 | C5: 金牛区足球协会 | E5: 协会 | F5: 协会（组织/承办青少年赛事） | G5: 待核实 | M5: =IF(L5="","",说明!$B$4-L5) | R5: =IF(AND(P5="",O5=""),"",IF(OR(N(P5)>=说明!$B$5,N(O5)>=说明!$B$6),"大型",IF(OR(N(P5)>=说明!$B$7,N(O5)>=说明!$B$8),"中型","小型"))) | S5: 成都市足协会员协会；未见其直接开展青训的资料。金牛区对社会青训机构实行入库管理和年度星级评定（区校足办负责） | Z5: http://www.lysy90.com/fa/23?local=1 https://www.sport.gov.cn/n20001280/n20745751/n20767239/c21778842/content.html | AA5: 低 | AB5: 金牛区青训机构入库名单值得向区校足办索取
A6: 5 | B6: 金牛区 | C6: 博越足球俱乐部 | D6: 博越足球俱乐部 | E6: 业余俱乐部 | F6: 待核实（可能为成人业余球队/场地） | G6: 运营中（地图收录） | I6: 成都市金牛区金科苑中街与金科苑南街交汇处西南 | M6: =IF(L6="","",说明!$B$4-L6) | R6: =IF(AND(P6="",O6=""),"",IF(OR(N(P6)>=说明!$B$5,N(O6)>=说明!$B$6),"大型",IF(OR(N(P6)>=说明!$B$7,N(O6)>=说明!$B$8),"中型","小型"))) | Z6: 360地图 POI（restapi.map.so.com） | AA6: 中
A7: 6 | B7: 金牛区 | C7: 成都腾飞经典足球俱乐部 | D7: 腾飞经典足球俱乐部 | E7: 业余俱乐部 | F7: 待核实（可能为成人业余球队/场地） | G7: 运营中（平台收录） | M7: =IF(L7="","",说明!$B$4-L7) | R7: =IF(AND(P7="",O7=""),"",IF(OR(N(P7)>=说明!$B$5,N(O7)>=说明!$B$6),"大型",IF(OR(N(P7)>=说明!$B$7,N(O7)>=说明!$B$8),"中型","小型"))) | Z7: https://huodong.com/venue/detail/xcnrnd | AA7: 低

Sheet 武侯区
A1: 序号 | B1: 区（市县） | C1: 机构名称 | D1: 品牌/所属 | E1: 机构类型 | F1: 青训业务 | G1: 运营状态 | H1: 公司/法人名称 | I1: 训练地址 | J1: 联系电话 | K1: 其他联系方式 | L1: 成立年份 | M1: 运营年限（年） | N1: 运营年限说明 | O1: 教练员数量 | P1: 学员数量 | Q1: 校区/场地数 | R1: 规模等级 | S1: 规模说明 | T1: 招生年龄 | U1: 大众点评评分 | V1: 美团评分 | W1: 其他平台评分 | X1: 收费信息 | Y1: 荣誉/资质 | Z1: 信息来源 | AA1: 可信度 | AB1: 待核实/备注
A2: 1 | B2: 武侯区 | C2: 成都贝尔克足球俱乐部 | D2: 贝尔克 | E2: 培训机构 | F2: 已证实（有来源） | G2: 待核实 | L2: 2016 | M2: =IF(L2="","",说明!$B$4-L2) -> 10 | N2: 2016年8月成立（百度百科） | R2: =IF(AND(P2="",O2=""),"",IF(OR(N(P2)>=说明!$B$5,N(O2)>=说明!$B$6),"大型",IF(OR(N(P2)>=说明!$B$7,N(O2)>=说明!$B$8),"中型","小型"))) | S2: 以青少年足球培训为核心的综合素质教育机构，总部在武侯区；百科称教练10余名（含中国足协D级1名）；外籍主教练，称获法国梅斯俱乐部支持 | T2: 4–13岁 | Y2: 华宜天下足球联赛最佳组织奖 | Z2: https://baike.baidu.com/item/%E6%88%90%E9%83%BD%E8%B4%9D%E5%B0%94%E5%85%8B%E8%B6%B3%E7%90%83%E4%BF%B1%E4%B9%90%E9%83%A8/19966520 | AA2: 中
A3: 2 | B3: 武侯区 | C3: 拉玛足球（品牌总部 · 武侯区校区） | D3: 拉玛足球 | E3: 培训机构 | F3: 已证实（有来源） | G3: 运营中（待核实） | I3: 银泰城校区：武侯区益州大道1999号银泰城6楼（总部所在不详，以下为多校区） | J3: 400-666-6886；028-87076722（官网所列）；4006-303-880（聚合平台） | K3: 官网 lamafootball.cn | L3: 2016 | M3: =IF(L3="","",说明!$B$4-L3) -> 10 | N3: 宣传称品牌2016年10月成立 | P3: 550 | Q3: 武侯：银泰城（益州大道1999号6楼）、金楠广场（兆景路199号）、凯德·新南（盛和一路99号）；其他区校区见各区分表 | R3: =IF(AND(P3="",O3=""),"",IF(OR(N(P3)>=说明!$B$5,N(O3)>=说明!$B$6),"大型",IF(OR(N(P3)>=说明!$B$7,N(O3)>=说明!$B$8),"中型","小型"))) -> 大型 | S3: 搜狐较早调查：寒假培训人数由300增至550（年份未标注）；校区数各页不一，一页称8个；聚合平台称员工约50人、办公面积3000㎡（非参保数据） | T3: 4.5–16岁 | Y3: 自述外教来自巴塞罗那；课程分兴趣/提高/精英班 | Z3: https://m.youkee.com/xuexiao/lmzq_xiaoqu.html https://m.youkee.com/xuexiao/lmzq_jianjie.html https://m.sohu.com/n/479553636/?wscrid=95360_1 http://www.lamafootball.cn/nationalCenter/ | AA3: 中 | AB3: 跨武侯/高新/青羊/金牛多区；学员数为某年寒假班人数
A4: 3 | B4: 武侯区 | C4: 胜利联盟菲戈足球学院成都分院 | D4: 胜利联盟/菲戈 | E4: 培训机构 | F4: 已证实（有来源） | G4: 已停业 | I4: 红牌楼某商场顶楼（原址） | M4: =IF(L4="","",说明!$B$4-L4) | R4: =IF(AND(P4="",O4=""),"",IF(OR(N(P4)>=说明!$B$5,N(O4)>=说明!$B$6),"大型",IF(OR(N(P4)>=说明!$B$7,N(O4)>=说明!$B$8),"中型","小型"))) | S4: 2017年报道：停训、人去楼空，家长退费无门 | Z4: https://m.thepaper.cn/wifiKey_detail.jsp?contid=1902798&from=wifiKey https://www.cqcb.com/sports/2017-12-17/600642.html | AA4: 中 | AB4: 保留作风险提示
A5: 4 | B5: 武侯区 | C5: 麒麟小将青训俱乐部 | D5: 麒麟小将青训俱乐部 | E5: 业余俱乐部 | F5: 名称显示青少年业务（待核实） | G5: 运营中（平台收录） | M5: =IF(L5="","",说明!$B$4-L5) | R5: =IF(AND(P5="",O5=""),"",IF(OR(N(P5)>=说明!$B$5,N(O5)>=说明!$B$6),"大型",IF(OR(N(P5)>=说明!$B$7,N(O5)>=说明!$B$8),"中型","小型"))) | Z5: https://huodong.com/venue/detail/otpsba | AA5: 低
A6: 5 | B6: 武侯区 | C6: 斯巴达足球学院(天府四街校区) | D6: 斯巴达足球学院 | E6: 培训机构 | F6: 名称显示青少年业务（待核实） | G6: 运营中（平台收录） | M6: =IF(L6="","",说明!$B$4-L6) | R6: =IF(AND(P6="",O6=""),"",IF(OR(N(P6)>=说明!$B$5,N(O6)>=说明!$B$6),"大型",IF(OR(N(P6)>=说明!$B$7,N(O6)>=说明!$B$8),"中型","小型"))) | Z6: https://huodong.com/venue/detail/xivviu | AA6: 低
A7: 6 | B7: 武侯区 | C7: 909足球俱乐部 | D7: 909足球俱乐部 | E7: 业余俱乐部 | F7: 待核实（可能为成人业余球队/场地） | G7: 运营中（地图收录） | I7: 成都市武侯区东原印长江南侧 | M7: =IF(L7="","",说明!$B$4-L7) | R7: =IF(AND(P7="",O7=""),"",IF(OR(N(P7)>=说明!$B$5,N(O7)>=说明!$B$6),"大型",IF(OR(N(P7)>=说明!$B$7,N(O7)>=说明!$B$8),"中型","小型"))) | Z7: 360地图 POI（restapi.map.so.com） | AA7: 中
A8: 7 | B8: 武侯区 | C8: 富搏足球俱乐部(复城广场店) | D8: 富搏足球俱乐部 | E8: 业余俱乐部 | F8: 待核实（可能为成人业余球队/场地） | G8: 运营中（平台收录） | M8: =IF(L8="","",说明!$B$4-L8) | R8: =IF(AND(P8="",O8=""),"",IF(OR(N(P8)>=说明!$B$5,N(O8)>=说明!$B$6),"大型",IF(OR(N(P8)>=说明!$B$7,N(O8)>=说明!$B$8),"中型","小型"))) | Z8: https://huodong.com/venue/detail/cgbuzm | AA8: 低
A9: 8 | B9: 武侯区 | C9: 富搏足球俱乐部(天府中心店) | D9: 富搏足球俱乐部 | E9: 业余俱乐部 | F9: 待核实（可能为成人业余球队/场地） | G9: 运营中（地图收录） | I9: 成都市武侯区天府一街888号(锦城湖地铁站D口步行160米) | M9: =IF(L9="","",说明!$B$4-L9) | R9: =IF(AND(P9="",O9=""),"",IF(OR(N(P9)>=说明!$B$5,N(O9)>=说明!$B$6),"大型",IF(OR(N(P9)>=说明!$B$7,N(O9)>=说明!$B$8),"中型","小型"))) | Z9: 360地图 POI（restapi.map.so.com） | AA9: 中
A10: 9 | B10: 武侯区 | C10: 成都育英足球俱乐部 | D10: 育英足球俱乐部 | E10: 业余俱乐部 | F10: 待核实（可能为成人业余球队/场地） | G10: 运营中（地图收录） | I10: 成都市武侯区新乐北街10号(四川新北足球中心) | J10: 19828366604 | M10: =IF(L10="","",说明!$B$4-L10) | R10: =IF(AND(P10="",O10=""),"",IF(OR(N(P10)>=说明!$B$5,N(O10)>=说明!$B$6),"大型",IF(OR(N(P10)>=说明!$B$7,N(O10)>=说明!$B$8),"中型","小型"))) | Z10: 360地图 POI（restapi.map.so.com） | AA10: 中
A11: 10 | B11: 武侯区 | C11: 方圆足球俱乐部(苏宁广场) | D11: 方圆足球俱乐部 | E11: 业余俱乐部 | F11: 待核实（可能为成人业余球队/场地） | G11: 运营中（平台收录） | M11: =IF(L11="","",说明!$B$4-L11) | R11: =IF(AND(P11="",O11=""),"",IF(OR(N(P11)>=说明!$B$5,N(O11)>=说明!$B$6),"大型",IF(OR(N(P11)>=说明!$B$7,N(O11)>=说明!$B$8),"中型","小型"))) | Z11: https://huodong.com/venue/detail/vrjjmc | AA11: 低
A12: 11 | B12: 武侯区 | C12: 方圆足球俱乐部(苏宁广场城市奥特莱斯店) | D12: 方圆足球俱乐部 | E12: 业余俱乐部 | F12: 待核实（可能为成人业余球队/场地） | G12: 运营中（地图收录） | I12: 成都市武侯区天府大道北段8号苏宁广场7F | J12: 13709016394 | M12: =IF(L12="","",说明!$B$4-L12) | R12: =IF(AND(P12="",O12=""),"",IF(OR(N(P12)>=说明!$B$5,N(O12)>=说明!$B$6),"大型",IF(OR(N(P12)>=说明!$B$7,N(O12)>=说明!$B$8),"中型","小型"))) | Z12: 360地图 POI（restapi.map.so.com） | AA12: 中
A13: 12 | B13: 武侯区 | C13: 阿迪达斯20号体育公园 | D13: 20号体育公园 / adidas | E13: 场馆运营方 | F13: 待核实（来源未证实青训业务） | G13: 待核实 | I13: 武侯区江安河生态文化旅游带 | L13: 2023 | M13: =IF(L13="","",说明!$B$4-L13) -> 3 | N13: 2023-03-25开放 | R13: =IF(AND(P13="",O13=""),"",IF(OR(N(P13)>=说明!$B$5,N(O13)>=说明!$B$6),"大型",IF(OR(N(P13)>=说明!$B$7,N(O13)>=说明!$B$8),"中型","小型"))) | S13: 约3万平方米；11人制、8人制场各1块及可持续五人制场 | Z13: https://daoinsights.com/news/adidas-first-sustainable-football-pitch-in-china-unveiled-in-chengdu/ https://www.bangcity.cn/index.php/adidasi20haotiyugongyuanrongchengjiepai-quanguoshougekechixuqiuchangzhengshikaifang | AA13: 低 | AB13: 未找到青训课程直接证据
A14: 13 | B14: 武侯区 | C14: 以恒足球俱乐部（武侯校区） | D14: 以恒足球 | E14: 培训机构 | F14: 待核实（可能为成人业余球队/场地） | G14: 待核实 | M14: =IF(L14="","",说明!$B$4-L14) | Q14: 武侯校区（五人制） | R14: =IF(AND(P14="",O14=""),"",IF(OR(N(P14)>=说明!$B$5,N(O14)>=说明!$B$6),"大型",IF(OR(N(P14)>=说明!$B$7,N(O14)>=说明!$B$8),"中型","小型"))) | Z14: https://huodong.com/venue/detail/eyLei | AA14: 低
A15: 14 | B15: 武侯区 | C15: 湖上体育篮球足球体适能综合馆 | D15: 湖上体育篮球足球体适能综合馆 | E15: 培训机构 | F15: 待核实（可能为成人业余球队/场地） | G15: 运营中（地图收录） | I15: 成都市武侯区紫薇东路70号3楼(神仙树地铁站E口步行230米) | J15: 17358522371 | M15: =IF(L15="","",说明!$B$4-L15) | R15: =IF(AND(P15="",O15=""),"",IF(OR(N(P15)>=说明!$B$5,N(O15)>=说明!$B$6),"大型",IF(OR(N(P15)>=说明!$B$7,N(O15)>=说明!$B$8),"中型","小型"))) | Z15: 360地图 POI（restapi.map.so.com） | AA15: 中

Sheet 成华区
A1: 序号 | B1: 区（市县） | C1: 机构名称 | D1: 品牌/所属 | E1: 机构类型 | F1: 青训业务 | G1: 运营状态 | H1: 公司/法人名称 | I1: 训练地址 | J1: 联系电话 | K1: 其他联系方式 | L1: 成立年份 | M1: 运营年限（年） | N1: 运营年限说明 | O1: 教练员数量 | P1: 学员数量 | Q1: 校区/场地数 | R1: 规模等级 | S1: 规模说明 | T1: 招生年龄 | U1: 大众点评评分 | V1: 美团评分 | W1: 其他平台评分 | X1: 收费信息 | Y1: 荣誉/资质 | Z1: 信息来源 | AA1: 可信度 | AB1: 待核实/备注
A2: 1 | B2: 成华区 | C2: 成都翊动足球俱乐部 | D2: 翊动 | E2: 培训机构 | F2: 已证实（有来源） | G2: 待核实 | I2: 成华校区：成华区河北路177号；锦江校区：经天西路320号 | J2: 400-029-0979转56017（平台转接号） | M2: =IF(L2="","",说明!$B$4-L2) | Q2: 成华校区、锦江校区；成华校区：跳蹬河北路177号（百灵鸟仕艾康足球运动中心）；锦江校区：经天西路320号（320经天足球公园） | R2: =IF(AND(P2="",O2=""),"",IF(OR(N(P2)>=说明!$B$5,N(O2)>=说明!$B$6),"大型",IF(OR(N(P2)>=说明!$B$7,N(O2)>=说明!$B$8),"中型","小型"))) | S2: 小班滚动开班；足球训练班、寒暑假集训、特长生集训 | T2: 4-12岁 | W2: 4.0（教育宝） | Z2: https://cd.jiaoyubao.cn/zuqiu/dt_z3488.html https://cd.jiaoyubao.cn/zuqiu/ https://peixun.dzwww.com/cd/edu/j_d29c/m/ | AA2: 中
A3: 2 | B3: 成华区 | C3: 拉玛足球 · 青龙场中心 | D3: 拉玛足球 | E3: 培训机构 | F3: 已证实（有来源） | G3: 待核实 | I3: 成华区昭青南路8号 爱球青龙场五人制足球场 | M3: =IF(L3="","",说明!$B$4-L3) | R3: =IF(AND(P3="",O3=""),"",IF(OR(N(P3)>=说明!$B$5,N(O3)>=说明!$B$6),"大型",IF(OR(N(P3)>=说明!$B$7,N(O3)>=说明!$B$8),"中型","小型"))) | Z3: https://www.jianshu.com/p/b5c1331dfe3e | AA3: 低 | AB3: 来源较旧（约2019年）
A4: 3 | B4: 成华区 | C4: 中达舒弘青少年足球运动俱乐部(驷马桥校区) | D4: 中达舒弘青少年足球运动俱乐部 | E4: 业余俱乐部 | F4: 名称显示青少年业务（待核实） | G4: 运营中（平台收录） | M4: =IF(L4="","",说明!$B$4-L4) | R4: =IF(AND(P4="",O4=""),"",IF(OR(N(P4)>=说明!$B$5,N(O4)>=说明!$B$6),"大型",IF(OR(N(P4)>=说明!$B$7,N(O4)>=说明!$B$8),"中型","小型"))) | Z4: https://huodong.com/venue/detail/qiedwg | AA4: 低
A5: 4 | B5: 成华区 | C5: 成都仕艾康足球俱乐部 | D5: 仕艾康足球俱乐部 | E5: 业余俱乐部 | F5: 待核实（可能为成人业余球队/场地） | G5: 运营中（地图收录） | I5: 成都市成华区跳蹬河街道跳蹬河北路与东秀二路交汇处锦绣东方东侧 | M5: =IF(L5="","",说明!$B$4-L5) | R5: =IF(AND(P5="",O5=""),"",IF(OR(N(P5)>=说明!$B$5,N(O5)>=说明!$B$6),"大型",IF(OR(N(P5)>=说明!$B$7,N(O5)>=说明!$B$8),"中型","小型"))) | Z5: 360地图 POI（restapi.map.so.com） | AA5: 中
A6: 5 | B6: 成华区 | C6: 成都博誉五人制足球俱乐部 | D6: 博誉五人制足球俱乐部 | E6: 业余俱乐部 | F6: 待核实（可能为成人业余球队/场地） | G6: 运营中（地图收录） | I6: 成都市成华区鹤林四路 | J6: 18980005998 | M6: =IF(L6="","",说明!$B$4-L6) | R6: =IF(AND(P6="",O6=""),"",IF(OR(N(P6)>=说明!$B$5,N(O6)>=说明!$B$6),"大型",IF(OR(N(P6)>=说明!$B$7,N(O6)>=说明!$B$8),"中型","小型"))) | Z6: 360地图 POI（restapi.map.so.com） | AA6: 中
A7: 6 | B7: 成华区 | C7: 成都博誉足球俱乐部 | D7: 博誉足球俱乐部 | E7: 业余俱乐部 | F7: 待核实（可能为成人业余球队/场地） | G7: 运营中（地图收录） | I7: 成都市成华区鹤林四路 | J7: 18980005998 | M7: =IF(L7="","",说明!$B$4-L7) | R7: =IF(AND(P7="",O7=""),"",IF(OR(N(P7)>=说明!$B$5,N(O7)>=说明!$B$6),"大型",IF(OR(N(P7)>=说明!$B$7,N(O7)>=说明!$B$8),"中型","小型"))) | Z7: 360地图 POI（restapi.map.so.com） | AA7: 中
A8: 7 | B8: 成华区 | C8: 成都嵿峰足球俱乐部 | D8: 嵿峰足球俱乐部 | E8: 业余俱乐部 | F8: 待核实（可能为成人业余球队/场地） | G8: 运营中（平台收录） | M8: =IF(L8="","",说明!$B$4-L8) | R8: =IF(AND(P8="",O8=""),"",IF(OR(N(P8)>=说明!$B$5,N(O8)>=说明!$B$6),"大型",IF(OR(N(P8)>=说明!$B$7,N(O8)>=说明!$B$8),"中型","小型"))) | Z8: https://huodong.com/venue/detail/hgowpv | AA8: 低
A9: 8 | B9: 成华区 | C9: 成都市蜀龙骁将足球俱乐部 | D9: 蜀龙骁将足球俱乐部 | E9: 业余俱乐部 | F9: 待核实（可能为成人业余球队/场地） | G9: 运营中（平台收录） | M9: =IF(L9="","",说明!$B$4-L9) | R9: =IF(AND(P9="",O9=""),"",IF(OR(N(P9)>=说明!$B$5,N(O9)>=说明!$B$6),"大型",IF(OR(N(P9)>=说明!$B$7,N(O9)>=说明!$B$8),"中型","小型"))) | Z9: https://huodong.com/venue/detail/wnhjry | AA9: 低

Sheet 高新区
A1: 序号 | B1: 区（市县） | C1: 机构名称 | D1: 品牌/所属 | E1: 机构类型 | F1: 青训业务 | G1: 运营状态 | H1: 公司/法人名称 | I1: 训练地址 | J1: 联系电话 | K1: 其他联系方式 | L1: 成立年份 | M1: 运营年限（年） | N1: 运营年限说明 | O1: 教练员数量 | P1: 学员数量 | Q1: 校区/场地数 | R1: 规模等级 | S1: 规模说明 | T1: 招生年龄 | U1: 大众点评评分 | V1: 美团评分 | W1: 其他平台评分 | X1: 收费信息 | Y1: 荣誉/资质 | Z1: 信息来源 | AA1: 可信度 | AB1: 待核实/备注
A2: 1 | B2: 高新区 | C2: 成都汇萃体育培训 | D2: 汇萃体育 | E2: 培训机构 | F2: 已证实（有来源） | G2: 待核实 | H2: 成都汇萃体育文化传播有限公司（教育宝） | I2: 成都高新区天府四街66号2栋3层4号 | M2: =IF(L2="","",说明!$B$4-L2) | R2: =IF(AND(P2="",O2=""),"",IF(OR(N(P2)>=说明!$B$5,N(O2)>=说明!$B$6),"大型",IF(OR(N(P2)>=说明!$B$7,N(O2)>=说明!$B$8),"中型","小型"))) | Z2: https://cd.jiaoyubao.cn/zuqiu/ | AA2: 低 | AB2: 教育宝：暂无评分
A3: 2 | B3: 高新区 | C3: 成都猎豹足球培训 | D3: 猎豹足球 | E3: 培训机构 | F3: 已证实（有来源） | G3: 现状未知 | I3: 成都高新区大源体育公园内18号 | M3: =IF(L3="","",说明!$B$4-L3) | Q3: 地图收录：成都高新区猎豹足球俱乐部（武侯区）成都市武侯区桂溪街道大源南二街与昆华路交汇处桂溪安全文化公园；成都高新区大源体育公园（昆华路919号） | R3: =IF(AND(P3="",O3=""),"",IF(OR(N(P3)>=说明!$B$5,N(O3)>=说明!$B$6),"大型",IF(OR(N(P3)>=说明!$B$7,N(O3)>=说明!$B$8),"中型","小型"))) | S3: 2块五人制场地（本地宝，未注明日期） | Y3: 川足名宿姚夏创办；2016岁月明星杯全国青少年邀请赛参赛 | Z3: https://cd.jiaoyubao.cn/zuqiu/ 360地图 POI（restapi.map.so.com） https://m.cd.bendibao.com/tour/72476_5.shtm https://m.thepaper.cn/newsDetail_forward_3975372 | AA3: 低
A4: 3 | B4: 高新区 | C4: 拉玛足球 · 桂溪（UPARK）/南城荟校区 | D4: 拉玛足球 | E4: 培训机构 | F4: 已证实（有来源） | G4: 待核实 | I4: 桂溪：盛邦街富华北路666号UPARK公园足球场；南城荟：万象北路138号（另一页写武侯区成汉中路181号） | M4: =IF(L4="","",说明!$B$4-L4) | R4: =IF(AND(P4="",O4=""),"",IF(OR(N(P4)>=说明!$B$5,N(O4)>=说明!$B$6),"大型",IF(OR(N(P4)>=说明!$B$7,N(O4)>=说明!$B$8),"中型","小型"))) | Z4: https://m.youkee.com/xuexiao/lmzq_xiaoqu.html https://m.youkee.com/xiaoqu/7252.html | AA4: 低
A5: 4 | B5: 高新区 | C5: 沸点足球俱乐部（高新校区） | D5: 沸点足球 | E5: 培训机构 | F5: 已证实（有来源） | G5: 待核实 | M5: =IF(L5="","",说明!$B$4-L5) | Q5: 高新校区 | R5: =IF(AND(P5="",O5=""),"",IF(OR(N(P5)>=说明!$B$5,N(O5)>=说明!$B$6),"大型",IF(OR(N(P5)>=说明!$B$7,N(O5)>=说明!$B$8),"中型","小型"))) | Z5: https://huodong.com/venue/detail/ey7bj https://huodong.com/venue/detail/egwocd | AA5: 低 | AB5: 另一来源标注在武侯区神仙树南路；地图收录地址在武侯区一侧
A6: 5 | B6: 高新区 | C6: 拜仁成都足球学校（规划） | D6: FC Bayern | E6: 海外青训分校 | F6: 待核实（来源未证实青训业务） | G6: 规划（未见运营） | M6: =IF(L6="","",说明!$B$4-L6) | N6: 约2018年报道的规划项目 | R6: =IF(AND(P6="",O6=""),"",IF(OR(N(P6)>=说明!$B$5,N(O6)>=说明!$B$6),"大型",IF(OR(N(P6)>=说明!$B$7,N(O6)>=说明!$B$8),"中型","小型"))) | T6: 幼儿园至高中（规划） | Z6: https://www.thepaper.cn/newsDetail_forward_2851799 | AA6: 低

Sheet 天府新区
A1: 序号 | B1: 区（市县） | C1: 机构名称 | D1: 品牌/所属 | E1: 机构类型 | F1: 青训业务 | G1: 运营状态 | H1: 公司/法人名称 | I1: 训练地址 | J1: 联系电话 | K1: 其他联系方式 | L1: 成立年份 | M1: 运营年限（年） | N1: 运营年限说明 | O1: 教练员数量 | P1: 学员数量 | Q1: 校区/场地数 | R1: 规模等级 | S1: 规模说明 | T1: 招生年龄 | U1: 大众点评评分 | V1: 美团评分 | W1: 其他平台评分 | X1: 收费信息 | Y1: 荣誉/资质 | Z1: 信息来源 | AA1: 可信度 | AB1: 待核实/备注
A2: 1 | B2: 天府新区 | C2: 20号足球公园（天府公园HI-PARK运动中心） | D2: 20号足球公园（邹侑根） | E2: 场馆运营方 | F2: 已证实（有来源） | G2: 待核实 | I2: 天府公园HI-PARK运动中心内 | L2: 2013 | M2: =IF(L2="","",说明!$B$4-L2) -> 13 | N2: 品牌首店2013年于锦城湖边开业；天府公园店2021-12开业 | R2: =IF(AND(P2="",O2=""),"",IF(OR(N(P2)>=说明!$B$5,N(O2)>=说明!$B$6),"大型",IF(OR(N(P2)>=说明!$B$7,N(O2)>=说明!$B$8),"中型","小型"))) | S2: 8人制场2块、5人制场1块、5人制训练场1块 | Y2: 宣称开展常态化训练教学；“省足协青少年足球发展基地”一说未能证实 | Z2: https://www.sohu.com/a/514268912_670423 https://www.163.com/dy/article/HEDQGE510514OL9V.html | AA2: 中
A3: 2 | B3: 天府新区 | C3: 拉玛足球 · 华阳中心 | D3: 拉玛足球 | E3: 培训机构 | F3: 已证实（有来源） | G3: 待核实 | I3: 华阳观音湾路锦官丽城亲水湾旁 星空5V5滨河足球场 | M3: =IF(L3="","",说明!$B$4-L3) | R3: =IF(AND(P3="",O3=""),"",IF(OR(N(P3)>=说明!$B$5,N(O3)>=说明!$B$6),"大型",IF(OR(N(P3)>=说明!$B$7,N(O3)>=说明!$B$8),"中型","小型"))) | Z3: https://www.jianshu.com/p/b5c1331dfe3e | AA3: 低 | AB3: 来源较旧；华阳片区行政归属以实地为准
A4: 3 | B4: 天府新区 | C4: RCDE Academy Chengdu（西班牙人足球学院成都） | D4: RCD Espanyol 西班牙人 | E4: 海外青训分校 | F4: 已证实（有来源） | G4: 待核实 | I4: 麓湖三分足球公园 | K4: 抖音 RCDE_chengdu；技术总监 Marc Carballo | L4: 2026 | M4: =IF(L4="","",说明!$B$4-L4) -> 0 | N4: 2026年7月首个赛季，与本地合作方共同运营 | O4: 1 | P4: 120 | Q4: 麓湖三分足球公园 | R4: =IF(AND(P4="",O4=""),"",IF(OR(N(P4)>=说明!$B$5,N(O4)>=说明!$B$6),"大型",IF(OR(N(P4)>=说明!$B$7,N(O4)>=说明!$B$8),"中型","小型"))) -> 中型 | S4: 首批120名预报名球员；西班牙人派1名教练常驻；开办时西班牙人派驻1名教练；开办时预注册120名 | Z4: https://www.rcdespanyol.com/en/new/rcd-espanyol-de-barcelona-to-open-new-academy-in-chengdu,-china/20485 https://www.rcdespanyol.com/en/chengdu | AA4: 高
A5: 4 | B5: 天府新区 | C5: 鲁能青训成都人才基地 | D5: 山东鲁能足校 | E5: 职业俱乐部青训 | F5: 已证实（有来源） | G5: 待核实 | I5: 天府新区兴隆小学（2015年揭牌地点） | L5: 2015 | M5: =IF(L5="","",说明!$B$4-L5) -> 11 | N5: 2015-12揭牌，现状不明 | R5: =IF(AND(P5="",O5=""),"",IF(OR(N(P5)>=说明!$B$5,N(O5)>=说明!$B$6),"大型",IF(OR(N(P5)>=说明!$B$7,N(O5)>=说明!$B$8),"中型","小型"))) | Z5: http://sports.sina.com.cn/china/b/2015-12-14/doc-ifxmpnqm3267526.shtml | AA5: 低
A6: 5 | B6: 天府新区 | C6: 成都蓉小虎少儿足球俱乐部(华阳校区) | D6: 蓉小虎少儿足球俱乐部 | E6: 业余俱乐部 | F6: 名称显示青少年业务（待核实） | G6: 运营中（平台收录） | M6: =IF(L6="","",说明!$B$4-L6) | R6: =IF(AND(P6="",O6=""),"",IF(OR(N(P6)>=说明!$B$5,N(O6)>=说明!$B$6),"大型",IF(OR(N(P6)>=说明!$B$7,N(O6)>=说明!$B$8),"中型","小型"))) | Z6: https://huodong.com/venue/detail/dlxrmp | AA6: 低
A7: 6 | B7: 天府新区 | C7: 成都蓉小虎少儿足球俱乐部(高新校区) | D7: 蓉小虎少儿足球俱乐部 | E7: 业余俱乐部 | F7: 名称显示青少年业务（待核实） | G7: 运营中（平台收录） | M7: =IF(L7="","",说明!$B$4-L7) | R7: =IF(AND(P7="",O7=""),"",IF(OR(N(P7)>=说明!$B$5,N(O7)>=说明!$B$6),"大型",IF(OR(N(P7)>=说明!$B$7,N(O7)>=说明!$B$8),"中型","小型"))) | Z7: https://huodong.com/venue/detail/eajvpa | AA7: 低
A8: 7 | B8: 天府新区 | C8: 亥成少儿足球训练中心(华阳店) | D8: 亥成少儿足球训练中心 | E8: 培训机构 | F8: 名称显示青少年业务（待核实） | G8: 运营中（平台收录） | M8: =IF(L8="","",说明!$B$4-L8) | R8: =IF(AND(P8="",O8=""),"",IF(OR(N(P8)>=说明!$B$5,N(O8)>=说明!$B$6),"大型",IF(OR(N(P8)>=说明!$B$7,N(O8)>=说明!$B$8),"中型","小型"))) | Z8: https://huodong.com/venue/detail/pdrsax | AA8: 低
A9: 8 | B9: 天府新区 | C9: 亥成足球篮球羽毛球训练中心(天府和悦店) | D9: 亥成足球篮球羽毛球训练中心 | E9: 培训机构 | F9: 名称显示青少年业务（待核实） | G9: 运营中（平台收录） | M9: =IF(L9="","",说明!$B$4-L9) | R9: =IF(AND(P9="",O9=""),"",IF(OR(N(P9)>=说明!$B$5,N(O9)>=说明!$B$6),"大型",IF(OR(N(P9)>=说明!$B$7,N(O9)>=说明!$B$8),"中型","小型"))) | Z9: https://huodong.com/venue/detail/rxiyyy | AA9: 低
A10: 9 | B10: 天府新区 | C10: 三利星源足球俱乐部 | D10: 三利星源足球俱乐部 | E10: 业余俱乐部 | F10: 待核实（可能为成人业余球队/场地） | G10: 运营中（平台收录） | M10: =IF(L10="","",说明!$B$4-L10) | R10: =IF(AND(P10="",O10=""),"",IF(OR(N(P10)>=说明!$B$5,N(O10)>=说明!$B$6),"大型",IF(OR(N(P10)>=说明!$B$7,N(O10)>=说明!$B$8),"中型","小型"))) | Z10: https://huodong.com/venue/detail/pzlooe | AA10: 低

Sheet 东部新区
A1: 序号 | B1: 区（市县） | C1: 机构名称 | D1: 品牌/所属 | E1: 机构类型 | F1: 青训业务 | G1: 运营状态 | H1: 公司/法人名称 | I1: 训练地址 | J1: 联系电话 | K1: 其他联系方式 | L1: 成立年份 | M1: 运营年限（年） | N1: 运营年限说明 | O1: 教练员数量 | P1: 学员数量 | Q1: 校区/场地数 | R1: 规模等级 | S1: 规模说明 | T1: 招生年龄 | U1: 大众点评评分 | V1: 美团评分 | W1: 其他平台评分 | X1: 收费信息 | Y1: 荣誉/资质 | Z1: 信息来源 | AA1: 可信度 | AB1: 待核实/备注
C2: 本次公开检索未找到该区域可核实的机构，待通过体育局白名单 / 大众点评补采。

Sheet 龙泉驿区
A1: 序号 | B1: 区（市县） | C1: 机构名称 | D1: 品牌/所属 | E1: 机构类型 | F1: 青训业务 | G1: 运营状态 | H1: 公司/法人名称 | I1: 训练地址 | J1: 联系电话 | K1: 其他联系方式 | L1: 成立年份 | M1: 运营年限（年） | N1: 运营年限说明 | O1: 教练员数量 | P1: 学员数量 | Q1: 校区/场地数 | R1: 规模等级 | S1: 规模说明 | T1: 招生年龄 | U1: 大众点评评分 | V1: 美团评分 | W1: 其他平台评分 | X1: 收费信息 | Y1: 荣誉/资质 | Z1: 信息来源 | AA1: 可信度 | AB1: 待核实/备注
A2: 1 | B2: 龙泉驿区 | C2: 成都海浪足球俱乐部 | D2: 海浪 | E2: 业余俱乐部 | F2: 已证实（有来源） | G2: 待核实 | L2: 2017 | M2: =IF(L2="","",说明!$B$4-L2) -> 9 | N2: 前身为龙泉驿区足协青训部 | R2: =IF(AND(P2="",O2=""),"",IF(OR(N(P2)>=说明!$B$5,N(O2)>=说明!$B$6),"大型",IF(OR(N(P2)>=说明!$B$7,N(O2)>=说明!$B$8),"中型","小型"))) | S2: 8个年龄段青少年梯队；与区内多所学校签战略培训协议；年均培训3万余人次；教练含亚足联B级1名、C级3名及多名D级（2021年报道） | Y2: 峨眉山杯青少年足球赛U12冠军；成都市青少年联赛（北区）U9冠军等；龙泉驿区校园足球P联赛冠军；成都市青少年联赛北区U8、U9冠军 | Z2: https://m.voc.com.cn/xhn/news/202107/15602824.html https://www.lysy360.com/team/1309 | AA2: 中
A3: 2 | B3: 龙泉驿区 | C3: 成都市龙泉驿区足球协会 | E3: 协会 | F3: 协会（组织/承办青少年赛事） | G3: 待核实 | M3: =IF(L3="","",说明!$B$4-L3) | R3: =IF(AND(P3="",O3=""),"",IF(OR(N(P3)>=说明!$B$5,N(O3)>=说明!$B$6),"大型",IF(OR(N(P3)>=说明!$B$7,N(O3)>=说明!$B$8),"中型","小型"))) | S3: 成都市足协会员协会；原青训部2017年改为海浪足球俱乐部 | Z3: https://m.voc.com.cn/xhn/news/202107/15602824.html | AA3: 中
A4: 3 | B4: 龙泉驿区 | C4: 中达舒弘青少年足球运动俱乐部(成渝万科校区) | D4: 中达舒弘青少年足球运动俱乐部 | E4: 业余俱乐部 | F4: 名称显示青少年业务（待核实） | G4: 运营中（平台收录） | M4: =IF(L4="","",说明!$B$4-L4) | R4: =IF(AND(P4="",O4=""),"",IF(OR(N(P4)>=说明!$B$5,N(O4)>=说明!$B$6),"大型",IF(OR(N(P4)>=说明!$B$7,N(O4)>=说明!$B$8),"中型","小型"))) | Z4: https://huodong.com/venue/detail/aiufet | AA4: 低
A5: 4 | B5: 龙泉驿区 | C5: 罗森内里足球俱乐部 | D5: 罗森内里足球俱乐部 | E5: 业余俱乐部 | F5: 待核实（可能为成人业余球队/场地） | G5: 运营中（地图收录） | I5: 成都市龙泉驿区范围内 | M5: =IF(L5="","",说明!$B$4-L5) | R5: =IF(AND(P5="",O5=""),"",IF(OR(N(P5)>=说明!$B$5,N(O5)>=说明!$B$6),"大型",IF(OR(N(P5)>=说明!$B$7,N(O5)>=说明!$B$8),"中型","小型"))) | Z5: 360地图 POI（restapi.map.so.com） | AA5: 中
A6: 5 | B6: 龙泉驿区 | C6: 聚创十陵足球俱乐部 | D6: 聚创十陵足球俱乐部 | E6: 业余俱乐部 | F6: 待核实（可能为成人业余球队/场地） | G6: 运营中（地图收录） | I6: 成都市龙泉驿区成洛大道成洛路700号 | M6: =IF(L6="","",说明!$B$4-L6) | R6: =IF(AND(P6="",O6=""),"",IF(OR(N(P6)>=说明!$B$5,N(O6)>=说明!$B$6),"大型",IF(OR(N(P6)>=说明!$B$7,N(O6)>=说明!$B$8),"中型","小型"))) | Z6: 360地图 POI（restapi.map.so.com） | AA6: 中
A7: 6 | B7: 龙泉驿区 | C7: 龙泉梦剧场足球俱乐部 | D7: 龙泉梦剧场足球俱乐部 | E7: 业余俱乐部 | F7: 待核实（可能为成人业余球队/场地） | G7: 运营中（地图收录） | I7: 成都市龙泉驿区井山路中国铁建国际城南侧约190米 | M7: =IF(L7="","",说明!$B$4-L7) | R7: =IF(AND(P7="",O7=""),"",IF(OR(N(P7)>=说明!$B$5,N(O7)>=说明!$B$6),"大型",IF(OR(N(P7)>=说明!$B$7,N(O7)>=说明!$B$8),"中型","小型"))) | Z7: 360地图 POI（restapi.map.so.com） | AA7: 中

Sheet 青白江区
A1: 序号 | B1: 区（市县） | C1: 机构名称 | D1: 品牌/所属 | E1: 机构类型 | F1: 青训业务 | G1: 运营状态 | H1: 公司/法人名称 | I1: 训练地址 | J1: 联系电话 | K1: 其他联系方式 | L1: 成立年份 | M1: 运营年限（年） | N1: 运营年限说明 | O1: 教练员数量 | P1: 学员数量 | Q1: 校区/场地数 | R1: 规模等级 | S1: 规模说明 | T1: 招生年龄 | U1: 大众点评评分 | V1: 美团评分 | W1: 其他平台评分 | X1: 收费信息 | Y1: 荣誉/资质 | Z1: 信息来源 | AA1: 可信度 | AB1: 待核实/备注
A2: 1 | B2: 青白江区 | C2: 青白江区足球协会 | E2: 协会 | F2: 协会（组织/承办青少年赛事） | G2: 待核实 | M2: =IF(L2="","",说明!$B$4-L2) | R2: =IF(AND(P2="",O2=""),"",IF(OR(N(P2)>=说明!$B$5,N(O2)>=说明!$B$6),"大型",IF(OR(N(P2)>=说明!$B$7,N(O2)>=说明!$B$8),"中型","小型"))) | S2: 与区实验小学承办校园足球公益进校园活动（报道较早） | Z2: https://www.sport.gov.cn/n20001280/n20745751/n20767277/c21486830/content.html | AA2: 中

Sheet 新都区
A1: 序号 | B1: 区（市县） | C1: 机构名称 | D1: 品牌/所属 | E1: 机构类型 | F1: 青训业务 | G1: 运营状态 | H1: 公司/法人名称 | I1: 训练地址 | J1: 联系电话 | K1: 其他联系方式 | L1: 成立年份 | M1: 运营年限（年） | N1: 运营年限说明 | O1: 教练员数量 | P1: 学员数量 | Q1: 校区/场地数 | R1: 规模等级 | S1: 规模说明 | T1: 招生年龄 | U1: 大众点评评分 | V1: 美团评分 | W1: 其他平台评分 | X1: 收费信息 | Y1: 荣誉/资质 | Z1: 信息来源 | AA1: 可信度 | AB1: 待核实/备注
A2: 1 | B2: 新都区 | C2: 三河村农民健身足球俱乐部 | E2: 业余俱乐部 | F2: 已证实（有来源） | G2: 待核实 | I2: 成都市新都区三河村 | L2: 2009 | M2: =IF(L2="","",说明!$B$4-L2) -> 17 | N2: 前身为2009年村民自发组建的斑竹园老男孩足球俱乐部 | Q2: 地图收录：三河村农民健身足球俱乐部（新都区）成都市新都区三河村11社13号 | R2: =IF(AND(P2="",O2=""),"",IF(OR(N(P2)>=说明!$B$5,N(O2)>=说明!$B$6),"大型",IF(OR(N(P2)>=说明!$B$7,N(O2)>=说明!$B$8),"中型","小型"))) | S2: 建设U7/U9/U11梯队；周五青训课对外免费开放；与西南石油大学合办青少年训练营、与成都体育学院共建实践基地 | T2: 3-4岁兴趣班起；U7-U11 | X2: 周五青训课免费（2023年报道） | Y2: 成都“足球第一村”；2015年起举办“宝柚杯”联赛 | Z2: https://www.chinanews.com.cn/ty/2023/02-04/9947176.shtml https://www.sport.gov.cn/n20001280/n20745751/n20767239/c21454914/content.html 360地图 POI（restapi.map.so.com） | AA2: 中
A3: 2 | B3: 新都区 | C3: 成都市新都区纵横足球俱乐部 | D3: 纵横 | E3: 业余俱乐部 | F3: 已证实（有来源） | G3: 待核实 | I3: 成都市新都区红星路458-459号 | L3: 2013 | M3: =IF(L3="","",说明!$B$4-L3) -> 13 | N3: 称新都区首家青少年专业足球俱乐部 | R3: =IF(AND(P3="",O3=""),"",IF(OR(N(P3)>=说明!$B$5,N(O3)>=说明!$B$6),"大型",IF(OR(N(P3)>=说明!$B$7,N(O3)>=说明!$B$8),"中型","小型"))) | S3: 在西南石油大学体育学院支持下创立 | Z3: https://nanjiang.mala.cn/thread-16684409-1-1.html 360地图 POI（restapi.map.so.com） | AA3: 低 | AB3: 可能对应“四川星汉纵横足球俱乐部有限责任公司”，未核实
A4: 3 | B4: 新都区 | C4: 成都南葛足球培训 | D4: 南葛 | E4: 培训机构 | F4: 已证实（有来源） | G4: 待核实 | I4: 成都市新都区新都街道兴业大道319号蜂云谷6层12室1号（总校） | M4: =IF(L4="","",说明!$B$4-L4) | N4: 简介提及“2016年初…十年行业深耕”，开业年份无法确定 | Q4: 总校（新都） | R4: =IF(AND(P4="",O4=""),"",IF(OR(N(P4)>=说明!$B$5,N(O4)>=说明!$B$6),"大型",IF(OR(N(P4)>=说明!$B$7,N(O4)>=说明!$B$8),"中型","小型"))) | Z4: https://cd.jiaoyubao.cn/zuqiu/ | AA4: 中
A5: 4 | B5: 新都区 | C5: 新都63足球俱乐部培训基地 | D5: 新都63足球俱乐部培训基地 | E5: 培训机构 | F5: 名称显示青少年业务（待核实） | G5: 运营中（地图收录） | I5: 成都市新都区新环路延伸段 | M5: =IF(L5="","",说明!$B$4-L5) | R5: =IF(AND(P5="",O5=""),"",IF(OR(N(P5)>=说明!$B$5,N(O5)>=说明!$B$6),"大型",IF(OR(N(P5)>=说明!$B$7,N(O5)>=说明!$B$8),"中型","小型"))) | Z5: 360地图 POI（restapi.map.so.com） | AA5: 中
A6: 5 | B6: 新都区 | C6: 九号足球俱乐部 | D6: 九号足球俱乐部 | E6: 业余俱乐部 | F6: 待核实（可能为成人业余球队/场地） | G6: 运营中（地图收录） | I6: 成都市新都区学院路东段60前锋集团新都产业园 | J6: 18602813914 | M6: =IF(L6="","",说明!$B$4-L6) | R6: =IF(AND(P6="",O6=""),"",IF(OR(N(P6)>=说明!$B$5,N(O6)>=说明!$B$6),"大型",IF(OR(N(P6)>=说明!$B$7,N(O6)>=说明!$B$8),"中型","小型"))) | Z6: 360地图 POI（restapi.map.so.com） | AA6: 中
A7: 6 | B7: 新都区 | C7: 爱尚足球俱乐部 | D7: 爱尚足球俱乐部 | E7: 业余俱乐部 | F7: 待核实（可能为成人业余球队/场地） | G7: 运营中（地图收录） | I7: 成都市新都区通力路36号 | M7: =IF(L7="","",说明!$B$4-L7) | R7: =IF(AND(P7="",O7=""),"",IF(OR(N(P7)>=说明!$B$5,N(O7)>=说明!$B$6),"大型",IF(OR(N(P7)>=说明!$B$7,N(O7)>=说明!$B$8),"中型","小型"))) | Z7: 360地图 POI（restapi.map.so.com） | AA7: 中

Sheet 温江区
A1: 序号 | B1: 区（市县） | C1: 机构名称 | D1: 品牌/所属 | E1: 机构类型 | F1: 青训业务 | G1: 运营状态 | H1: 公司/法人名称 | I1: 训练地址 | J1: 联系电话 | K1: 其他联系方式 | L1: 成立年份 | M1: 运营年限（年） | N1: 运营年限说明 | O1: 教练员数量 | P1: 学员数量 | Q1: 校区/场地数 | R1: 规模等级 | S1: 规模说明 | T1: 招生年龄 | U1: 大众点评评分 | V1: 美团评分 | W1: 其他平台评分 | X1: 收费信息 | Y1: 荣誉/资质 | Z1: 信息来源 | AA1: 可信度 | AB1: 待核实/备注
A2: 1 | B2: 温江区 | C2: 温江体育中心青少年足球训练营 | E2: 场馆运营方 | F2: 已证实（有来源） | G2: 待核实 | M2: =IF(L2="","",说明!$B$4-L2) | R2: =IF(AND(P2="",O2=""),"",IF(OR(N(P2)>=说明!$B$5,N(O2)>=说明!$B$6),"大型",IF(OR(N(P2)>=说明!$B$7,N(O2)>=说明!$B$8),"中型","小型"))) | S2: 仅见于一篇推广文章，按年龄分班 | Z2: https://www.3xyun.cn/170034.html https://huodong.com/venue/detail/ymgplk | AA2: 低 | AB2: 运营方与资质未核实
A3: 2 | B3: 温江区 | C3: 成都足协温江基地（含成都足协女足青训中心） | D3: 成都足协 | E3: 协会 | F3: 协会（组织/承办青少年赛事） | G3: 运营中 | I3: 成都市温江区天府街道金府路西段505号 | M3: =IF(L3="","",说明!$B$4-L3) | N3: 至迟2018年8月已投入使用 | O3: 16 | Q3: 地图收录：成都足球俱乐部五牛训练基地-培训基地（温江区）成都市温江区天府街道天府西路与金府路西段交汇处成都足球俱乐部；地图收录：成都足球俱乐部（温江区）成都市温江区金府路西段与天府西路交汇处附近东北 | R3: =IF(AND(P3="",O3=""),"",IF(OR(N(P3)>=说明!$B$5,N(O3)>=说明!$B$6),"大型",IF(OR(N(P3)>=说明!$B$7,N(O3)>=说明!$B$8),"中型","小型"))) -> 中型 | S3: 5块标准足球场、2块五人制场地，配健身房、医疗室、公寓、餐厅、康复中心；女足青训中心有U18/U16/U14/U12/U11五支梯队、教练16名（中国足协官网，数据时间较早） | T3: U11-U18（女足梯队） | Y3: 中国足协2015—2018年度国家青少年训练基地；2026年5月承办中国足协男子青少年强化训练营（2012年龄段）；中国足协2025、2026年在此举办精英青少年训练营 | Z3: https://www.thecfa.cn/qxunzx/20180903/24556.html https://baike.baidu.com/item/%E6%88%90%E9%83%BD%E8%B6%B3%E5%8D%8F%E6%B8%A9%E6%B1%9F%E5%9F%BA%E5%9C%B0/67282442 https://www.thepaper.cn/newsDetail_forward_23410820 https://www.sohu.com/a/1026055684_121924582 https://www.sohu.com/a/978527738_121124668 360地图 POI（restapi.map.so.com） | AA3: 高 | AB3: 原成都五牛训练基地（地图名称）
A4: 3 | B4: 温江区 | C4: 温江区足球协会 | E4: 协会 | F4: 协会（组织/承办青少年赛事） | G4: 待核实 | M4: =IF(L4="","",说明!$B$4-L4) | R4: =IF(AND(P4="",O4=""),"",IF(OR(N(P4)>=说明!$B$5,N(O4)>=说明!$B$6),"大型",IF(OR(N(P4)>=说明!$B$7,N(O4)>=说明!$B$8),"中型","小型"))) | S4: 有活动报道，未说明青训安排 | Z4: http://sc.people.com.cn/n2/2023/0727/c345509-40510188.html https://huodong.com/venue/detail/npdroh | AA4: 低
A5: 4 | B5: 温江区 | C5: 佳芮丽五人制足球俱乐部 | D5: 佳芮丽五人制足球俱乐部 | E5: 业余俱乐部 | F5: 待核实（可能为成人业余球队/场地） | G5: 运营中（平台收录） | M5: =IF(L5="","",说明!$B$4-L5) | R5: =IF(AND(P5="",O5=""),"",IF(OR(N(P5)>=说明!$B$5,N(O5)>=说明!$B$6),"大型",IF(OR(N(P5)>=说明!$B$7,N(O5)>=说明!$B$8),"中型","小型"))) | Z5: https://huodong.com/venue/detail/bxifrj | AA5: 低
A6: 5 | B6: 温江区 | C6: 锦绣森邻足球场(成狮足球俱乐部) | D6: 锦绣森邻足球场 | E6: 业余俱乐部 | F6: 待核实（可能为成人业余球队/场地） | G6: 运营中（地图收录） | I6: 成都市温江区锦绣森邻(温泉大道东) | M6: =IF(L6="","",说明!$B$4-L6) | R6: =IF(AND(P6="",O6=""),"",IF(OR(N(P6)>=说明!$B$5,N(O6)>=说明!$B$6),"大型",IF(OR(N(P6)>=说明!$B$7,N(O6)>=说明!$B$8),"中型","小型"))) | Z6: 360地图 POI（restapi.map.so.com） | AA6: 中
A7: 6 | B7: 温江区 | C7: 四川省明宇足球俱乐部 | D7: 明宇足球俱乐部 | E7: 其他 | F7: 待核实（可能为成人业余球队/场地） | G7: 现状未知 | I7: 成都市温江区农业高科园 | M7: =IF(L7="","",说明!$B$4-L7) | R7: =IF(AND(P7="",O7=""),"",IF(OR(N(P7)>=说明!$B$5,N(O7)>=说明!$B$6),"大型",IF(OR(N(P7)>=说明!$B$7,N(O7)>=说明!$B$8),"中型","小型"))) | Z7: 360地图 POI（restapi.map.so.com） | AA7: 中 | AB7: 历史职业俱乐部相关名称，是否仍有青训业务未知
A8: 7 | B8: 温江区 | C8: 鲁家滩运动公园(温江足球协会训练基地) | D8: 鲁家滩运动公园 | E8: 协会 | F8: 待核实（可能为成人业余球队/场地） | G8: 运营中（平台收录） | M8: =IF(L8="","",说明!$B$4-L8) | R8: =IF(AND(P8="",O8=""),"",IF(OR(N(P8)>=说明!$B$5,N(O8)>=说明!$B$6),"大型",IF(OR(N(P8)>=说明!$B$7,N(O8)>=说明!$B$8),"中型","小型"))) | Z8: https://huodong.com/venue/detail/svsthr | AA8: 低

Sheet 双流区
A1: 序号 | B1: 区（市县） | C1: 机构名称 | D1: 品牌/所属 | E1: 机构类型 | F1: 青训业务 | G1: 运营状态 | H1: 公司/法人名称 | I1: 训练地址 | J1: 联系电话 | K1: 其他联系方式 | L1: 成立年份 | M1: 运营年限（年） | N1: 运营年限说明 | O1: 教练员数量 | P1: 学员数量 | Q1: 校区/场地数 | R1: 规模等级 | S1: 规模说明 | T1: 招生年龄 | U1: 大众点评评分 | V1: 美团评分 | W1: 其他平台评分 | X1: 收费信息 | Y1: 荣誉/资质 | Z1: 信息来源 | AA1: 可信度 | AB1: 待核实/备注
A2: 1 | B2: 双流区 | C2: 成都市双流区空港青少年体育俱乐部 | E2: 业余俱乐部 | F2: 已证实（有来源） | G2: 待核实 | M2: =IF(L2="","",说明!$B$4-L2) | R2: =IF(AND(P2="",O2=""),"",IF(OR(N(P2)>=说明!$B$5,N(O2)>=说明!$B$6),"大型",IF(OR(N(P2)>=说明!$B$7,N(O2)>=说明!$B$8),"中型","小型"))) | Y2: 主办“成都双流首届2025联盟杯·七省市青少年足球冠军邀请赛”（棠湖外国语学校承办） | Z2: https://m.sohu.com/a/853558535_121124022/?pvid=000115_3w_a | AA2: 中
A3: 2 | B3: 双流区 | C3: 成都谢菲联足球公园（训练基地） | D3: 谢菲联足球公园 | E3: 场馆运营方 | F3: 已证实（有来源） | G3: 待核实 | I3: 成都市双流区东升街道金河路 | M3: =IF(L3="","",说明!$B$4-L3) | N3: 原成都谢菲联俱乐部基地（俱乐部2015年解散），基地仍在使用 | Q3: 地图收录：成都谢菲联足球俱乐部(金河路)（双流区）成都市双流区东升街道金河路优品时代西侧 | R3: =IF(AND(P3="",O3=""),"",IF(OR(N(P3)>=说明!$B$5,N(O3)>=说明!$B$6),"大型",IF(OR(N(P3)>=说明!$B$7,N(O3)>=说明!$B$8),"中型","小型"))) | S3: 用户评论称占地约14.7万平方米（未经官方核实，故仅作说明） | Y3: 四川男足青年队训练场地；2026天府未来杯国际青少年足球精英赛（U10/U11，47队）举办地 | Z3: https://www.sport.gov.cn/n14471/n14494/n14544/c27729281/content.html https://m.map.360.cn/m/search/detail/pid=76383a63f7f19b21 https://news.qq.com/rain/a/20250126A041O100 https://www.sohu.com/a/1084516771_121924582 360地图 POI（restapi.map.so.com） | AA3: 中 | AB3: 运营方及是否开设对外青少年课程未核实
A4: 3 | B4: 双流区 | C4: 双流区足球协会 | E4: 协会 | F4: 协会（组织/承办青少年赛事） | G4: 待核实 | M4: =IF(L4="","",说明!$B$4-L4) | R4: =IF(AND(P4="",O4=""),"",IF(OR(N(P4)>=说明!$B$5,N(O4)>=说明!$B$6),"大型",IF(OR(N(P4)>=说明!$B$7,N(O4)>=说明!$B$8),"中型","小型"))) | S4: 仅在赛事平台球队页的管理人员信息中出现 | Z4: https://www.szfa.org.cn/team/3284 | AA4: 低 | AB4: 未找到协会青训项目
A5: 4 | B5: 双流区 | C5: 斯巴达足球学院(新川校区) | D5: 斯巴达足球学院 | E5: 培训机构 | F5: 名称显示青少年业务（待核实） | G5: 运营中（地图收录） | I5: 成都市双流区新川五号运动场 | M5: =IF(L5="","",说明!$B$4-L5) | R5: =IF(AND(P5="",O5=""),"",IF(OR(N(P5)>=说明!$B$5,N(O5)>=说明!$B$6),"大型",IF(OR(N(P5)>=说明!$B$7,N(O5)>=说明!$B$8),"中型","小型"))) | Z5: 360地图 POI（restapi.map.so.com） | AA5: 中
A6: 5 | B6: 双流区 | C6: AFC空港足球汇 | D6: AFC空港足球汇 | E6: 业余俱乐部 | F6: 待核实（可能为成人业余球队/场地） | G6: 运营中（地图收录） | I6: 成都市双流区大件路文星段5号 | J6: 13666179731 | M6: =IF(L6="","",说明!$B$4-L6) | R6: =IF(AND(P6="",O6=""),"",IF(OR(N(P6)>=说明!$B$5,N(O6)>=说明!$B$6),"大型",IF(OR(N(P6)>=说明!$B$7,N(O6)>=说明!$B$8),"中型","小型"))) | Z6: 360地图 POI（restapi.map.so.com） | AA6: 中
A7: 6 | B7: 双流区 | C7: 众禾足球俱乐部（双流） | D7: 众禾足球俱乐部 | E7: 业余俱乐部 | F7: 待核实（可能为成人业余球队/场地） | G7: 运营中（地图收录） | I7: 成都市双流区珠江北路11号 | M7: =IF(L7="","",说明!$B$4-L7) | Q7: 锦江区 众禾双桥子足球公园（环球汇·天誉）；另见静思南巷与中环路锦绣大道段交叉口 | R7: =IF(AND(P7="",O7=""),"",IF(OR(N(P7)>=说明!$B$5,N(O7)>=说明!$B$6),"大型",IF(OR(N(P7)>=说明!$B$7,N(O7)>=说明!$B$8),"中型","小型"))) | Z7: 360地图 POI（restapi.map.so.com） https://cd.jiaoyubao.cn/zuqiu/dt_z1910.html | AA7: 中 | AB7: 教育宝：暂无评分
A8: 7 | B8: 双流区 | C8: 四川锦飞体育足球俱乐部 | D8: 锦飞体育足球俱乐部 | E8: 业余俱乐部 | F8: 待核实（可能为成人业余球队/场地） | G8: 运营中（平台收录） | M8: =IF(L8="","",说明!$B$4-L8) | R8: =IF(AND(P8="",O8=""),"",IF(OR(N(P8)>=说明!$B$5,N(O8)>=说明!$B$6),"大型",IF(OR(N(P8)>=说明!$B$7,N(O8)>=说明!$B$8),"中型","小型"))) | Z8: https://huodong.com/venue/detail/tuuxus | AA8: 低
A9: 8 | B9: 双流区 | C9: 成狮足球俱乐部训练基地(天然草场) | D9: 成狮足球俱乐部训练基地 | E9: 业余俱乐部 | F9: 待核实（可能为成人业余球队/场地） | G9: 运营中（平台收录） | M9: =IF(L9="","",说明!$B$4-L9) | R9: =IF(AND(P9="",O9=""),"",IF(OR(N(P9)>=说明!$B$5,N(O9)>=说明!$B$6),"大型",IF(OR(N(P9)>=说明!$B$7,N(O9)>=说明!$B$8),"中型","小型"))) | Z9: https://huodong.com/venue/detail/nmgrmv | AA9: 低
A10: 9 | B10: 双流区 | C10: 成都沙克尔足球俱乐部 | D10: 沙克尔足球俱乐部 | E10: 业余俱乐部 | F10: 待核实（可能为成人业余球队/场地） | G10: 运营中（平台收录） | M10: =IF(L10="","",说明!$B$4-L10) | R10: =IF(AND(P10="",O10=""),"",IF(OR(N(P10)>=说明!$B$5,N(O10)>=说明!$B$6),"大型",IF(OR(N(P10)>=说明!$B$7,N(O10)>=说明!$B$8),"中型","小型"))) | Z10: https://huodong.com/venue/detail/rkpwpf | AA10: 低
A11: 10 | B11: 双流区 | C11: 星锐锋足球俱乐部 | D11: 星锐锋足球俱乐部 | E11: 业余俱乐部 | F11: 待核实（可能为成人业余球队/场地） | G11: 运营中（地图收录） | I11: 成都市双流区正兴街道天津路西段899号附5号 | M11: =IF(L11="","",说明!$B$4-L11) | R11: =IF(AND(P11="",O11=""),"",IF(OR(N(P11)>=说明!$B$5,N(O11)>=说明!$B$6),"大型",IF(OR(N(P11)>=说明!$B$7,N(O11)>=说明!$B$8),"中型","小型"))) | Z11: 360地图 POI（restapi.map.so.com） | AA11: 中
A12: 11 | B12: 双流区 | C12: 沸点足球俱乐部 | D12: 沸点足球 | E12: 其他 | F12: 待核实（来源未证实青训业务） | G12: 待核实 | I12: 空港运动公园附近 | M12: =IF(L12="","",说明!$B$4-L12) | R12: =IF(AND(P12="",O12=""),"",IF(OR(N(P12)>=说明!$B$5,N(O12)>=说明!$B$6),"大型",IF(OR(N(P12)>=说明!$B$7,N(O12)>=说明!$B$8),"中型","小型"))) | Z12: https://gs.ctrip.com/html5/you/sight/chengdu104/112649461.html | AA12: 低 | AB12: 仅确认存在，未证实开展青少年培训

Sheet 郫都区
A1: 序号 | B1: 区（市县） | C1: 机构名称 | D1: 品牌/所属 | E1: 机构类型 | F1: 青训业务 | G1: 运营状态 | H1: 公司/法人名称 | I1: 训练地址 | J1: 联系电话 | K1: 其他联系方式 | L1: 成立年份 | M1: 运营年限（年） | N1: 运营年限说明 | O1: 教练员数量 | P1: 学员数量 | Q1: 校区/场地数 | R1: 规模等级 | S1: 规模说明 | T1: 招生年龄 | U1: 大众点评评分 | V1: 美团评分 | W1: 其他平台评分 | X1: 收费信息 | Y1: 荣誉/资质 | Z1: 信息来源 | AA1: 可信度 | AB1: 待核实/备注
A2: 1 | B2: 郫都区 | C2: 蜀之都足球俱乐部 | D2: 蜀之都 | E2: 业余俱乐部 | F2: 已证实（有来源） | G2: 待核实 | I2: 郫都区郫筒街道一里桥社区筑桥足球场（社区合伙人运营） | M2: =IF(L2="","",说明!$B$4-L2) | Q2: 一里桥社区筑桥足球场；地图收录：蜀之都足球俱乐部（郫都区）成都市郫都区中信大道一段103迪卡侬 | R2: =IF(AND(P2="",O2=""),"",IF(OR(N(P2)>=说明!$B$5,N(O2)>=说明!$B$6),"大型",IF(OR(N(P2)>=说明!$B$7,N(O2)>=说明!$B$8),"中型","小型"))) | S2: 按年龄设兴趣班、精英班，每周固定上课并办暑期训练；有U12参赛队 | Z2: https://www.thepaper.cn/newsDetail_forward_24040002 https://www.lysy360.com/team/13844 360地图 POI（restapi.map.so.com） | AA2: 中
A3: 2 | B3: 郫都区 | C3: 成都10号足球公园 | E3: 场馆运营方 | F3: 已证实（有来源） | G3: 待核实 | I3: 成都市郫都区（详细地址未知） | M3: =IF(L3="","",说明!$B$4-L3) | R3: =IF(AND(P3="",O3=""),"",IF(OR(N(P3)>=说明!$B$5,N(O3)>=说明!$B$6),"大型",IF(OR(N(P3)>=说明!$B$7,N(O3)>=说明!$B$8),"中型","小型"))) | S3: 1片室外人造草场地 | X3: 场地预订约380元/小时（非课程价） | Y3: 预订平台列出提供教学与培训服务 | Z3: https://www.mumingerlai.net/venue/football/cheng-du/0199e371034a7c4ca5543be937c98ec2.html | AA3: 低 | AB3: 是否面向青少年未核实
A4: 3 | B4: 郫都区 | C4: 成都旗胜体育培训 | D4: 旗胜体育 | E4: 培训机构 | F4: 已证实（有来源） | G4: 待核实 | I4: 西南交大犀浦校区田径场等（共10个训练点） | M4: =IF(L4="","",说明!$B$4-L4) | Q4: 10个，含西南交大九里堤田径场、犀浦校区田径场 | R4: =IF(AND(P4="",O4=""),"",IF(OR(N(P4)>=说明!$B$5,N(O4)>=说明!$B$6),"大型",IF(OR(N(P4)>=说明!$B$7,N(O4)>=说明!$B$8),"中型","小型"))) | S4: 10个校区 | Y4: 主业为中考体育培训，项目含足球 | Z4: https://m.jiaoyubao.cn/cd/ban/qiulei/sq_xinhuagongyuan.html | AA4: 低 | AB4: 非专门足球机构；多区校区
A5: 4 | B5: 郫都区 | C5: 郫都区足球协会 | E5: 协会 | F5: 协会（组织/承办青少年赛事） | G5: 待核实 | M5: =IF(L5="","",说明!$B$4-L5) | R5: =IF(AND(P5="",O5=""),"",IF(OR(N(P5)>=说明!$B$5,N(O5)>=说明!$B$6),"大型",IF(OR(N(P5)>=说明!$B$7,N(O5)>=说明!$B$8),"中型","小型"))) | S5: 成都市足协会员协会 | Y5: 承办“郫都区青少年足球公益培训”（2022年，区文旅体局主办）；承办成都足协三级裁判员培训班 | Z5: http://www.szfa.org.cn/fa/13?local=1 https://www.sohu.com/a/1076349372_122001006 https://www.sina.cn/news/detail/5345778388434962.html | AA5: 中
A6: 5 | B6: 郫都区 | C6: 骁将足球青训丨武侯 | D6: 骁将足球青训丨武侯 | E6: 培训机构 | F6: 名称显示青少年业务（待核实） | G6: 运营中（平台收录） | M6: =IF(L6="","",说明!$B$4-L6) | R6: =IF(AND(P6="",O6=""),"",IF(OR(N(P6)>=说明!$B$5,N(O6)>=说明!$B$6),"大型",IF(OR(N(P6)>=说明!$B$7,N(O6)>=说明!$B$8),"中型","小型"))) | Z6: https://huodong.com/venue/detail/idblwz | AA6: 低
A7: 6 | B7: 郫都区 | C7: 富博足球俱乐部 | D7: 富博足球俱乐部 | E7: 业余俱乐部 | F7: 待核实（可能为成人业余球队/场地） | G7: 运营中（地图收录） | I7: 成都市郫都区红光大道 | M7: =IF(L7="","",说明!$B$4-L7) | R7: =IF(AND(P7="",O7=""),"",IF(OR(N(P7)>=说明!$B$5,N(O7)>=说明!$B$6),"大型",IF(OR(N(P7)>=说明!$B$7,N(O7)>=说明!$B$8),"中型","小型"))) | Z7: 360地图 POI（restapi.map.so.com） | AA7: 中
A8: 7 | B8: 郫都区 | C8: 海友体育足球俱乐部(犀浦校区) | D8: 海友体育足球俱乐部 | E8: 业余俱乐部 | F8: 待核实（可能为成人业余球队/场地） | G8: 运营中（平台收录） | M8: =IF(L8="","",说明!$B$4-L8) | R8: =IF(AND(P8="",O8=""),"",IF(OR(N(P8)>=说明!$B$5,N(O8)>=说明!$B$6),"大型",IF(OR(N(P8)>=说明!$B$7,N(O8)>=说明!$B$8),"中型","小型"))) | Z8: https://huodong.com/venue/detail/pdyofy | AA8: 低
A9: 8 | B9: 郫都区 | C9: 安德万里足球队 | D9: 安德万里足球队 | E9: 培训机构 | F9: 待核实（可能为成人业余球队/场地） | G9: 运营中（地图收录） | I9: 成都市郫都区金和街与众旺街交叉口西南140米 | M9: =IF(L9="","",说明!$B$4-L9) | R9: =IF(AND(P9="",O9=""),"",IF(OR(N(P9)>=说明!$B$5,N(O9)>=说明!$B$6),"大型",IF(OR(N(P9)>=说明!$B$7,N(O9)>=说明!$B$8),"中型","小型"))) | Z9: 360地图 POI（restapi.map.so.com） | AA9: 中
A10: 9 | B10: 郫都区 | C10: 起点校园足球 | D10: 起点校园足球 | E10: 培训机构 | F10: 待核实（可能为成人业余球队/场地） | G10: 运营中（地图收录） | I10: 成都市郫都区清江一街182西北方向80米 | M10: =IF(L10="","",说明!$B$4-L10) | R10: =IF(AND(P10="",O10=""),"",IF(OR(N(P10)>=说明!$B$5,N(O10)>=说明!$B$6),"大型",IF(OR(N(P10)>=说明!$B$7,N(O10)>=说明!$B$8),"中型","小型"))) | Z10: 360地图 POI（restapi.map.so.com） | AA10: 中

Sheet 新津区
A1: 序号 | B1: 区（市县） | C1: 机构名称 | D1: 品牌/所属 | E1: 机构类型 | F1: 青训业务 | G1: 运营状态 | H1: 公司/法人名称 | I1: 训练地址 | J1: 联系电话 | K1: 其他联系方式 | L1: 成立年份 | M1: 运营年限（年） | N1: 运营年限说明 | O1: 教练员数量 | P1: 学员数量 | Q1: 校区/场地数 | R1: 规模等级 | S1: 规模说明 | T1: 招生年龄 | U1: 大众点评评分 | V1: 美团评分 | W1: 其他平台评分 | X1: 收费信息 | Y1: 荣誉/资质 | Z1: 信息来源 | AA1: 可信度 | AB1: 待核实/备注
A2: 1 | B2: 新津区 | C2: 新津区足球协会 | E2: 协会 | F2: 协会（组织/承办青少年赛事） | G2: 待核实 | M2: =IF(L2="","",说明!$B$4-L2) | R2: =IF(AND(P2="",O2=""),"",IF(OR(N(P2)>=说明!$B$5,N(O2)>=说明!$B$6),"大型",IF(OR(N(P2)>=说明!$B$7,N(O2)>=说明!$B$8),"中型","小型"))) | S2: 赛事平台注册数据：球队109支、球员1686名、教练4名、裁判4名、累计赛事29项（协会注册数据，非青训学员数） | Y2: 组织新津超级联赛、全民健身五人制等 | Z2: http://www.szfa.org.cn/fa/3?local=1 | AA2: 低 | AB2: 未证实开设青少年培训
A3: 2 | B3: 新津区 | C3: 胜利伯艾斯足球青训基地 | D3: 胜利伯艾斯足球青训基地 | E3: 培训机构 | F3: 名称显示青少年业务（待核实） | G3: 运营中（地图收录） | I3: 成都市新津区湿地公园足球场白堰溪足球场 | M3: =IF(L3="","",说明!$B$4-L3) | R3: =IF(AND(P3="",O3=""),"",IF(OR(N(P3)>=说明!$B$5,N(O3)>=说明!$B$6),"大型",IF(OR(N(P3)>=说明!$B$7,N(O3)>=说明!$B$8),"中型","小型"))) | Z3: 360地图 POI（restapi.map.so.com） | AA3: 中
A4: 3 | B4: 新津区 | C4: 锋跃足球训练基地 | D4: 锋跃足球训练基地 | E4: 培训机构 | F4: 待核实（可能为成人业余球队/场地） | G4: 运营中（平台收录） | M4: =IF(L4="","",说明!$B$4-L4) | R4: =IF(AND(P4="",O4=""),"",IF(OR(N(P4)>=说明!$B$5,N(O4)>=说明!$B$6),"大型",IF(OR(N(P4)>=说明!$B$7,N(O4)>=说明!$B$8),"中型","小型"))) | Z4: https://huodong.com/venue/detail/boqbrx | AA4: 低

Sheet 简阳市
A1: 序号 | B1: 区（市县） | C1: 机构名称 | D1: 品牌/所属 | E1: 机构类型 | F1: 青训业务 | G1: 运营状态 | H1: 公司/法人名称 | I1: 训练地址 | J1: 联系电话 | K1: 其他联系方式 | L1: 成立年份 | M1: 运营年限（年） | N1: 运营年限说明 | O1: 教练员数量 | P1: 学员数量 | Q1: 校区/场地数 | R1: 规模等级 | S1: 规模说明 | T1: 招生年龄 | U1: 大众点评评分 | V1: 美团评分 | W1: 其他平台评分 | X1: 收费信息 | Y1: 荣誉/资质 | Z1: 信息来源 | AA1: 可信度 | AB1: 待核实/备注
A2: 1 | B2: 简阳市 | C2: 简阳蓉渝星耀运动中心（蓉渝星耀足球俱乐部） | D2: 蓉渝星耀 | E2: 场馆运营方 | F2: 已证实（有来源） | G2: 待核实 | I2: 简阳峰景里球场（比赛场地） | M2: =IF(L2="","",说明!$B$4-L2) | R2: =IF(AND(P2="",O2=""),"",IF(OR(N(P2)>=说明!$B$5,N(O2)>=说明!$B$6),"大型",IF(OR(N(P2)>=说明!$B$7,N(O2)>=说明!$B$8),"中型","小型"))) | S2: 2024蓉渝星耀足球俱乐部联赛：10支简阳本地青少年球队参赛 | Y2: 承办2024蓉渝星耀足球俱乐部联赛（青少年） | Z2: https://m.sohu.com/a/836436247_121924582/?pvid=000115_3w_a https://m.sohu.com/a/836436216_122066681/?pvid=000115_3w_a | AA2: 中
A3: 2 | B3: 简阳市 | C3: 简阳市青年文体协会 | E3: 协会 | F3: 协会（组织/承办青少年赛事） | G3: 待核实 | M3: =IF(L3="","",说明!$B$4-L3) | R3: =IF(AND(P3="",O3=""),"",IF(OR(N(P3)>=说明!$B$5,N(O3)>=说明!$B$6),"大型",IF(OR(N(P3)>=说明!$B$7,N(O3)>=说明!$B$8),"中型","小型"))) | Y3: 主办2024蓉渝星耀足球俱乐部联赛（10支青少年球队） | Z3: https://m.sohu.com/a/836436216_122066681/?pvid=000115_3w_a | AA3: 低 | AB3: 未证实开展日常青训

Sheet 都江堰市
A1: 序号 | B1: 区（市县） | C1: 机构名称 | D1: 品牌/所属 | E1: 机构类型 | F1: 青训业务 | G1: 运营状态 | H1: 公司/法人名称 | I1: 训练地址 | J1: 联系电话 | K1: 其他联系方式 | L1: 成立年份 | M1: 运营年限（年） | N1: 运营年限说明 | O1: 教练员数量 | P1: 学员数量 | Q1: 校区/场地数 | R1: 规模等级 | S1: 规模说明 | T1: 招生年龄 | U1: 大众点评评分 | V1: 美团评分 | W1: 其他平台评分 | X1: 收费信息 | Y1: 荣誉/资质 | Z1: 信息来源 | AA1: 可信度 | AB1: 待核实/备注
A2: 1 | B2: 都江堰市 | C2: 四川香港马会奥林匹克运动学校 | D2: 四川体育职业学院 | E2: 其他 | F2: 已证实（有来源） | G2: 待核实 | I2: 都江堰市祥瑞路与廖家桥路交汇处附近 | K2: 官网 https://ax.scsc.edu.cn/ | L2: 2012 | M2: =IF(L2="","",说明!$B$4-L2) -> 14 | N2: 2012年4月落成开学 | R2: =IF(AND(P2="",O2=""),"",IF(OR(N(P2)>=说明!$B$5,N(O2)>=说明!$B$6),"大型",IF(OR(N(P2)>=说明!$B$7,N(O2)>=说明!$B$8),"中型","小型"))) | S2: 占地8.6万平方米，可容纳500名青少年运动员 | Y2: 省级体育后备人才学校，开设足球项目（非商业培训机构） | Z2: https://www.sport.gov.cn/n315/n20066836/c20721310/content.html https://ax.scsc.edu.cn/ | AA2: 中
A3: 2 | B3: 都江堰市 | C3: 都江堰青少年足球培训中心 | E3: 培训机构 | F3: 已证实（有来源） | G3: 待核实 | M3: =IF(L3="","",说明!$B$4-L3) | R3: =IF(AND(P3="",O3=""),"",IF(OR(N(P3)>=说明!$B$5,N(O3)>=说明!$B$6),"大型",IF(OR(N(P3)>=说明!$B$7,N(O3)>=说明!$B$8),"中型","小型"))) | S3: 仅有赛事平台球队主页 | Z3: http://www.lysy90.com/team/150 | AA3: 低
A4: 3 | B4: 都江堰市 | C4: 成都蓉城都江堰足球训练中心（西部区域都江堰足球训练中心） | D4: 成都蓉城 / 成都兴城集团 | E4: 职业俱乐部青训 | F4: 已证实（有来源） | G4: 待核实 | M4: =IF(L4="","",说明!$B$4-L4) | R4: =IF(AND(P4="",O4=""),"",IF(OR(N(P4)>=说明!$B$5,N(O4)>=说明!$B$6),"大型",IF(OR(N(P4)>=说明!$B$7,N(O4)>=说明!$B$8),"中型","小型"))) | S4: 蓉城一线队在锦江基地建成前曾在此训练 | Y4: 兴城集团列为推进中项目 | Z4: https://www.cdxctz.com/about-one.aspx?t=13&ContentId=10 https://m.dongqiudi.com/article/3403078.html | AA4: 低 | AB4: 是否有青训梯队或对外课程未确认，类型为推断
A5: 4 | B5: 都江堰市 | C5: 都江堰市足球协会 | E5: 协会 | F5: 协会（组织/承办青少年赛事） | G5: 待核实 | M5: =IF(L5="","",说明!$B$4-L5) | R5: =IF(AND(P5="",O5=""),"",IF(OR(N(P5)>=说明!$B$5,N(O5)>=说明!$B$6),"大型",IF(OR(N(P5)>=说明!$B$7,N(O5)>=说明!$B$8),"中型","小型"))) | S5: 成都市足协会员协会，获成都足协优秀协会表彰 | Z5: https://www.thecfa.cn/cgzq/20190114/26088.html https://www.sohu.com/a/945636013_121124668 | AA5: 中
A6: 5 | B6: 都江堰市 | C6: 四川足球俱乐部-训练基地 | D6: 足球俱乐部 | E6: 其他 | F6: 待核实（可能为成人业余球队/场地） | G6: 现状未知 | I6: 成都市都江堰市幸福街道祥瑞路与廖家桥路交汇处都乐锦庐西南角 | M6: =IF(L6="","",说明!$B$4-L6) | R6: =IF(AND(P6="",O6=""),"",IF(OR(N(P6)>=说明!$B$5,N(O6)>=说明!$B$6),"大型",IF(OR(N(P6)>=说明!$B$7,N(O6)>=说明!$B$8),"中型","小型"))) | Z6: 360地图 POI（restapi.map.so.com） | AA6: 中 | AB6: 历史职业俱乐部相关名称，是否仍有青训业务未知

Sheet 彭州市
A1: 序号 | B1: 区（市县） | C1: 机构名称 | D1: 品牌/所属 | E1: 机构类型 | F1: 青训业务 | G1: 运营状态 | H1: 公司/法人名称 | I1: 训练地址 | J1: 联系电话 | K1: 其他联系方式 | L1: 成立年份 | M1: 运营年限（年） | N1: 运营年限说明 | O1: 教练员数量 | P1: 学员数量 | Q1: 校区/场地数 | R1: 规模等级 | S1: 规模说明 | T1: 招生年龄 | U1: 大众点评评分 | V1: 美团评分 | W1: 其他平台评分 | X1: 收费信息 | Y1: 荣誉/资质 | Z1: 信息来源 | AA1: 可信度 | AB1: 待核实/备注
A2: 1 | B2: 彭州市 | C2: 世纪烽火足球俱乐部 | D2: 世纪烽火足球俱乐部 | E2: 业余俱乐部 | F2: 待核实（可能为成人业余球队/场地） | G2: 运营中（地图收录） | I2: 成都市彭州市致和街道外南街285号 | M2: =IF(L2="","",说明!$B$4-L2) | R2: =IF(AND(P2="",O2=""),"",IF(OR(N(P2)>=说明!$B$5,N(O2)>=说明!$B$6),"大型",IF(OR(N(P2)>=说明!$B$7,N(O2)>=说明!$B$8),"中型","小型"))) | Z2: 360地图 POI（restapi.map.so.com） | AA2: 中
A3: 2 | B3: 彭州市 | C3: 优冠足球俱乐部 | D3: 优冠足球俱乐部 | E3: 业余俱乐部 | F3: 待核实（可能为成人业余球队/场地） | G3: 运营中（地图收录） | I3: 成都市彭州市九尺镇希望路36号 | J3: 18628177798 | M3: =IF(L3="","",说明!$B$4-L3) | R3: =IF(AND(P3="",O3=""),"",IF(OR(N(P3)>=说明!$B$5,N(O3)>=说明!$B$6),"大型",IF(OR(N(P3)>=说明!$B$7,N(O3)>=说明!$B$8),"中型","小型"))) | Z3: 360地图 POI（restapi.map.so.com） | AA3: 中

Sheet 邛崃市
A1: 序号 | B1: 区（市县） | C1: 机构名称 | D1: 品牌/所属 | E1: 机构类型 | F1: 青训业务 | G1: 运营状态 | H1: 公司/法人名称 | I1: 训练地址 | J1: 联系电话 | K1: 其他联系方式 | L1: 成立年份 | M1: 运营年限（年） | N1: 运营年限说明 | O1: 教练员数量 | P1: 学员数量 | Q1: 校区/场地数 | R1: 规模等级 | S1: 规模说明 | T1: 招生年龄 | U1: 大众点评评分 | V1: 美团评分 | W1: 其他平台评分 | X1: 收费信息 | Y1: 荣誉/资质 | Z1: 信息来源 | AA1: 可信度 | AB1: 待核实/备注
C2: 本次公开检索未找到该区域可核实的机构，待通过体育局白名单 / 大众点评补采。

Sheet 崇州市
A1: 序号 | B1: 区（市县） | C1: 机构名称 | D1: 品牌/所属 | E1: 机构类型 | F1: 青训业务 | G1: 运营状态 | H1: 公司/法人名称 | I1: 训练地址 | J1: 联系电话 | K1: 其他联系方式 | L1: 成立年份 | M1: 运营年限（年） | N1: 运营年限说明 | O1: 教练员数量 | P1: 学员数量 | Q1: 校区/场地数 | R1: 规模等级 | S1: 规模说明 | T1: 招生年龄 | U1: 大众点评评分 | V1: 美团评分 | W1: 其他平台评分 | X1: 收费信息 | Y1: 荣誉/资质 | Z1: 信息来源 | AA1: 可信度 | AB1: 待核实/备注
A2: 1 | B2: 崇州市 | C2: 崇州市足球协会 | E2: 协会 | F2: 协会（组织/承办青少年赛事） | G2: 待核实 | M2: =IF(L2="","",说明!$B$4-L2) | R2: =IF(AND(P2="",O2=""),"",IF(OR(N(P2)>=说明!$B$5,N(O2)>=说明!$B$6),"大型",IF(OR(N(P2)>=说明!$B$7,N(O2)>=说明!$B$8),"中型","小型"))) | S2: 成都市足协会员协会；组建成年代表队参加2026“蓉超”；未查到青训资料 | Z2: https://c.m.163.com/news/a/KQL0GG2C05506BD2.html | AA2: 低
A3: 2 | B3: 崇州市 | C3: 崇州市丰丰足球俱乐部 | D3: 崇州市丰丰足球俱乐部 | E3: 业余俱乐部 | F3: 待核实（可能为成人业余球队/场地） | G3: 运营中（地图收录） | I3: 成都市崇州市崇阳街道体育中心 | M3: =IF(L3="","",说明!$B$4-L3) | R3: =IF(AND(P3="",O3=""),"",IF(OR(N(P3)>=说明!$B$5,N(O3)>=说明!$B$6),"大型",IF(OR(N(P3)>=说明!$B$7,N(O3)>=说明!$B$8),"中型","小型"))) | Z3: 360地图 POI（restapi.map.so.com） | AA3: 中

Sheet 金堂县
A1: 序号 | B1: 区（市县） | C1: 机构名称 | D1: 品牌/所属 | E1: 机构类型 | F1: 青训业务 | G1: 运营状态 | H1: 公司/法人名称 | I1: 训练地址 | J1: 联系电话 | K1: 其他联系方式 | L1: 成立年份 | M1: 运营年限（年） | N1: 运营年限说明 | O1: 教练员数量 | P1: 学员数量 | Q1: 校区/场地数 | R1: 规模等级 | S1: 规模说明 | T1: 招生年龄 | U1: 大众点评评分 | V1: 美团评分 | W1: 其他平台评分 | X1: 收费信息 | Y1: 荣誉/资质 | Z1: 信息来源 | AA1: 可信度 | AB1: 待核实/备注
A2: 1 | B2: 金堂县 | C2: 金堂县足球协会 | E2: 协会 | F2: 协会（组织/承办青少年赛事） | G2: 待核实 | M2: =IF(L2="","",说明!$B$4-L2) | R2: =IF(AND(P2="",O2=""),"",IF(OR(N(P2)>=说明!$B$5,N(O2)>=说明!$B$6),"大型",IF(OR(N(P2)>=说明!$B$7,N(O2)>=说明!$B$8),"中型","小型"))) | S2: 成都市足协会员协会；举办“金堂县足球协会杯”；未查到青训资料。金堂另建有市级认定的区级青训中心（见“全市/多区”） | Z2: http://www.chengdufa.org.cn/fa/1?local=1 | AA2: 低
A3: 2 | B3: 金堂县 | C3: 绿茵小将足球俱乐部 | D3: 绿茵小将足球俱乐部 | E3: 业余俱乐部 | F3: 名称显示青少年业务（待核实） | G3: 运营中（地图收录） | I3: 成都市金堂县康宁街92号 | J3: - | M3: =IF(L3="","",说明!$B$4-L3) | R3: =IF(AND(P3="",O3=""),"",IF(OR(N(P3)>=说明!$B$5,N(O3)>=说明!$B$6),"大型",IF(OR(N(P3)>=说明!$B$7,N(O3)>=说明!$B$8),"中型","小型"))) | Z3: 360地图 POI（restapi.map.so.com） | AA3: 中
A4: 3 | B4: 金堂县 | C4: 观岭足球青训中心 | D4: 观岭足球青训中心 | E4: 培训机构 | F4: 名称显示青少年业务（待核实） | G4: 运营中（平台收录） | M4: =IF(L4="","",说明!$B$4-L4) | R4: =IF(AND(P4="",O4=""),"",IF(OR(N(P4)>=说明!$B$5,N(O4)>=说明!$B$6),"大型",IF(OR(N(P4)>=说明!$B$7,N(O4)>=说明!$B$8),"中型","小型"))) | Z4: https://huodong.com/venue/detail/xqhrmg | AA4: 低
A5: 4 | B5: 金堂县 | C5: 金堂“互联网+中国足球小镇”（含国际足球学校，规划） | D5: 四川足球俱乐部 | E5: 其他 | F5: 待核实（来源未证实青训业务） | G5: 规划（未见运营） | I5: 金堂县栖贤乡（规划） | M5: =IF(L5="","",说明!$B$4-L5) | N5: 2015年签约 | R5: =IF(AND(P5="",O5=""),"",IF(OR(N(P5)>=说明!$B$5,N(O5)>=说明!$B$6),"大型",IF(OR(N(P5)>=说明!$B$7,N(O5)>=说明!$B$8),"中型","小型"))) | S5: 规划投资50亿元，含国际足球学校 | Z5: https://m.fang.com/news/cd/0_17299263.html | AA5: 低

Sheet 大邑县
A1: 序号 | B1: 区（市县） | C1: 机构名称 | D1: 品牌/所属 | E1: 机构类型 | F1: 青训业务 | G1: 运营状态 | H1: 公司/法人名称 | I1: 训练地址 | J1: 联系电话 | K1: 其他联系方式 | L1: 成立年份 | M1: 运营年限（年） | N1: 运营年限说明 | O1: 教练员数量 | P1: 学员数量 | Q1: 校区/场地数 | R1: 规模等级 | S1: 规模说明 | T1: 招生年龄 | U1: 大众点评评分 | V1: 美团评分 | W1: 其他平台评分 | X1: 收费信息 | Y1: 荣誉/资质 | Z1: 信息来源 | AA1: 可信度 | AB1: 待核实/备注
A2: 1 | B2: 大邑县 | C2: 大邑名拯足球俱乐部 | E2: 场馆运营方 | F2: 已证实（有来源） | G2: 待核实 | I2: 大邑县元通路南段与张祠堂街交叉口附近 | M2: =IF(L2="","",说明!$B$4-L2) | R2: =IF(AND(P2="",O2=""),"",IF(OR(N(P2)>=说明!$B$5,N(O2)>=说明!$B$6),"大型",IF(OR(N(P2)>=说明!$B$7,N(O2)>=说明!$B$8),"中型","小型"))) | S2: 社区型人工草足球场，面向青少年和成人 | Z2: https://huodong.com/venue/detail/eyL5i https://huodong.com/venue/detail/bcgxtf | AA2: 低
A3: 2 | B3: 大邑县 | C3: 大邑县足球协会 | E3: 协会 | F3: 协会（组织/承办青少年赛事） | G3: 待核实 | M3: =IF(L3="","",说明!$B$4-L3) | R3: =IF(AND(P3="",O3=""),"",IF(OR(N(P3)>=说明!$B$5,N(O3)>=说明!$B$6),"大型",IF(OR(N(P3)>=说明!$B$7,N(O3)>=说明!$B$8),"中型","小型"))) | S3: 成都市足协会员协会；县校园足球联赛由县文体旅局、教育局主办 | Z3: https://www.scjyxw.com/xiaoxue/news/20250408/1000010000412197.html | AA3: 低
A4: 3 | B4: 大邑县 | C4: 腾龙足球俱乐部 | D4: 腾龙足球俱乐部 | E4: 业余俱乐部 | F4: 待核实（可能为成人业余球队/场地） | G4: 运营中（地图收录） | I4: 成都市大邑县晋原街道温泉路西段162号 | M4: =IF(L4="","",说明!$B$4-L4) | R4: =IF(AND(P4="",O4=""),"",IF(OR(N(P4)>=说明!$B$5,N(O4)>=说明!$B$6),"大型",IF(OR(N(P4)>=说明!$B$7,N(O4)>=说明!$B$8),"中型","小型"))) | Z4: 360地图 POI（restapi.map.so.com） | AA4: 中
A5: 4 | B5: 大邑县 | C5: 大邑县青少年业余体育学校 | E5: 其他 | F5: 待核实（来源未证实青训业务） | G5: 待核实 | M5: =IF(L5="","",说明!$B$4-L5) | R5: =IF(AND(P5="",O5=""),"",IF(OR(N(P5)>=说明!$B$5,N(O5)>=说明!$B$6),"大型",IF(OR(N(P5)>=说明!$B$7,N(O5)>=说明!$B$8),"中型","小型"))) | S5: 县“十四五”规划提出打造足球等品牌项目；未见具体足球班资料 | Z5: http://sme-s.com/page91?article_id=4475 | AA5: 低

Sheet 蒲江县
A1: 序号 | B1: 区（市县） | C1: 机构名称 | D1: 品牌/所属 | E1: 机构类型 | F1: 青训业务 | G1: 运营状态 | H1: 公司/法人名称 | I1: 训练地址 | J1: 联系电话 | K1: 其他联系方式 | L1: 成立年份 | M1: 运营年限（年） | N1: 运营年限说明 | O1: 教练员数量 | P1: 学员数量 | Q1: 校区/场地数 | R1: 规模等级 | S1: 规模说明 | T1: 招生年龄 | U1: 大众点评评分 | V1: 美团评分 | W1: 其他平台评分 | X1: 收费信息 | Y1: 荣誉/资质 | Z1: 信息来源 | AA1: 可信度 | AB1: 待核实/备注
A2: 1 | B2: 蒲江县 | C2: 蒲江县足球协会 | E2: 协会 | F2: 协会（组织/承办青少年赛事） | G2: 待核实 | M2: =IF(L2="","",说明!$B$4-L2) | R2: =IF(AND(P2="",O2=""),"",IF(OR(N(P2)>=说明!$B$5,N(O2)>=说明!$B$6),"大型",IF(OR(N(P2)>=说明!$B$7,N(O2)>=说明!$B$8),"中型","小型"))) | S2: 成都市足协会员协会；未查到青训资料 | Z2: https://baike.baidu.com/item/%E6%88%90%E9%83%BD%E5%B8%82%E8%B6%B3%E7%90%83%E5%8D%8F%E4%BC%9A/49724790 | AA2: 低

Sheet 全市-多区
A1: 序号 | B1: 区（市县） | C1: 机构名称 | D1: 品牌/所属 | E1: 机构类型 | F1: 青训业务 | G1: 运营状态 | H1: 公司/法人名称 | I1: 训练地址 | J1: 联系电话 | K1: 其他联系方式 | L1: 成立年份 | M1: 运营年限（年） | N1: 运营年限说明 | O1: 教练员数量 | P1: 学员数量 | Q1: 校区/场地数 | R1: 规模等级 | S1: 规模说明 | T1: 招生年龄 | U1: 大众点评评分 | V1: 美团评分 | W1: 其他平台评分 | X1: 收费信息 | Y1: 荣誉/资质 | Z1: 信息来源 | AA1: 可信度 | AB1: 待核实/备注
A2: 1 | B2: 全市/多区 | C2: 蓉城弘纳青少儿足球俱乐部 | D2: 蓉城弘纳 | E2: 业余俱乐部 | F2: 已证实（有来源） | G2: 待核实 | M2: =IF(L2="","",说明!$B$4-L2) | R2: =IF(AND(P2="",O2=""),"",IF(OR(N(P2)>=说明!$B$5,N(O2)>=说明!$B$6),"大型",IF(OR(N(P2)>=说明!$B$7,N(O2)>=说明!$B$8),"中型","小型"))) | S2: 参加第一届中国青少年足球联赛（四川赛区）U9并小组出线；参与中国足协“种子计划进校园”成都站 | Z2: https://m.thepaper.cn/kuaibao_detail.jsp?contid=20782042&from=kuaibao https://cbgc.scol.com.cn/news/3975562 | AA2: 中 | AB2: 所在区未确认
A3: 2 | B3: 全市/多区 | C3: 成都市区级青训中心（青羊、金牛、成华、温江、金堂） | E3: 其他 | F3: 已证实（有来源） | G3: 待核实 | M3: =IF(L3="","",说明!$B$4-L3) | R3: =IF(AND(P3="",O3=""),"",IF(OR(N(P3)>=说明!$B$5,N(O3)>=说明!$B$6),"大型",IF(OR(N(P3)>=说明!$B$7,N(O3)>=说明!$B$8),"中型","小型"))) | S3: 成都在青羊、金牛、成华、温江、金堂建有5个区级青训中心（2025年报道） | Z3: https://news.sina.com.cn/zx/2025-02-18/doc-inekwyzh6661516.shtml | AA3: 中 | AB3: 各中心具体名称与地址待向各区索取
A4: 3 | B4: 全市/多区 | C4: Mr. Football 英伦少年足球俱乐部 | D4: Mr. Football | E4: 培训机构 | F4: 已证实（有来源） | G4: 待核实 | M4: =IF(L4="","",说明!$B$4-L4) | R4: =IF(AND(P4="",O4=""),"",IF(OR(N(P4)>=说明!$B$5,N(O4)>=说明!$B$6),"大型",IF(OR(N(P4)>=说明!$B$7,N(O4)>=说明!$B$8),"中型","小型"))) | T4: 学龄前至初中 | Z4: https://www.hub-soccer.com/?p=11143 | AA4: 低 | AB4: 仅见2018年招聘信息，现状不明
A5: 4 | B5: 全市/多区 | C5: 成都国际足球学院（CDIFA） | D5: CDIFA | E5: 培训机构 | F5: 已证实（有来源） | G5: 现状未知 | I5: 2015年报道：三环外美洲时尚体育公园 | M5: =IF(L5="","",说明!$B$4-L5) | O5: 5 | P5: 70 | Q5: 地图收录：马克国际足球俱乐部（崇州市）成都市崇州市崇阳街道上林西江国际社区北侧 | R5: =IF(AND(P5="",O5=""),"",IF(OR(N(P5)>=说明!$B$5,N(O5)>=说明!$B$6),"大型",IF(OR(N(P5)>=说明!$B$7,N(O5)>=说明!$B$8),"中型","小型"))) -> 小型 | S5: 2015年：5名外籍教练、70名5–15岁学员，英语授课 | T5: 5–15岁 | Z5: https://news.sina.cn/gn/2015-04-15/detail-iawzuney3477497.d.html?vt=4 https://chengdu-expat.com/international-football-academy-launched/ 360地图 POI（restapi.map.so.com） | AA5: 低 | AB5: 数据为2015年
A6: 5 | B6: 全市/多区 | C6: 腾盟足球俱乐部 | D6: 腾盟 | E6: 培训机构 | F6: 已证实（有来源） | G6: 待核实 | L6: 2007 | M6: =IF(L6="","",说明!$B$4-L6) -> 19 | N6: 2007年以成都金牛足球俱乐部成立，2013-09-24更名腾盟（百度百科） | O6: 16 | P6: 240 | R6: =IF(AND(P6="",O6=""),"",IF(OR(N(P6)>=说明!$B$5,N(O6)>=说明!$B$6),"大型",IF(OR(N(P6)>=说明!$B$7,N(O6)>=说明!$B$8),"中型","小型"))) -> 中型 | S6: 较早调查：寒假培训人数由200增至240（年份未标注）；百科（未注明年份）：教练16名含亚足联职业级1名；约2017年调查称21名；百科称累计学员1000余名 | Y6: 2016成都城市足球甲级联赛总决赛亚军（成都腾盟FF） | Z6: https://m.sohu.com/n/479553636/?wscrid=95360_1 https://baike.baidu.com/item/%E6%88%90%E9%83%BD%E9%A8%B0%E7%9B%9F%E8%B6%B3%E7%90%83%E4%BF%B1%E6%A8%82%E9%83%A8/22473095 | AA6: 低 | AB6: 区未确认
A7: 6 | B7: 全市/多区 | C7: 花香盛世体育（品牌） | D7: 花香盛世 | E7: 培训机构 | F7: 已证实（有来源） | G7: 风险：现状未知 | M7: =IF(L7="","",说明!$B$4-L7) | Q7: 17个（目录信息，可能已过时） | R7: =IF(AND(P7="",O7=""),"",IF(OR(N(P7)>=说明!$B$5,N(O7)>=说明!$B$6),"大型",IF(OR(N(P7)>=说明!$B$7,N(O7)>=说明!$B$8),"中型","小型"))) | S7: 第三方目录列出17个成都校区/教学点（如西单、时光公园、曼巴等），小班6–12人；同时开设篮球、羽毛球、体适能 | T7: 5–14岁 | Z7: https://m.youkee.com/xuexiao/cdhxss.html https://m.youkee.com/kecheng/11810.html https://news.qq.com/rain/a/20241028A03EF700 https://finance.sina.com.cn/jjxw/2024-11-23/doc-incwzvxr0133923.shtml | AA7: 低 | AB7: 校区分布于青羊、龙泉驿、郫都、金牛、成华、锦江等区；2024年10月北京母公司多店突然闭店、自称资金链断裂，2000余名家长登记投诉、涉及金额2000余万元；成都业务现状未知
A8: 7 | B8: 全市/多区 | C8: Barça Academy 成都（巴萨足球学校 / 夏令营） | D8: FC Barcelona | E8: 海外青训分校 | F8: 已证实（有来源） | G8: 现状未知 | I8: 城东足球公园（Chengdong Football Park） | M8: =IF(L8="","",说明!$B$4-L8) | N8: 2015年FCBEscola营在成都体育学院开营；巴萨官网宣布重返中国，含成都营 | R8: =IF(AND(P8="",O8=""),"",IF(OR(N(P8)>=说明!$B$5,N(O8)>=说明!$B$6),"大型",IF(OR(N(P8)>=说明!$B$7,N(O8)>=说明!$B$8),"中型","小型"))) | S8: 2015年从约500名报名者中选出120名学员 | Z8: https://barcaacademy.fcbarcelona.com/en/news/4522134/barca-academy-returns-to-china https://www.cdsu.edu.cn/info/1054/37490.htm https://www.chinanews.com.cn/m/ty/2015/07-19/7414290.shtml | AA8: 低 | AB8: 常设学校还是季节性营地未确认
A9: 8 | B9: 全市/多区 | C9: 四川国米娃娃营青训学院 | D9: 国际米兰 × 娃娃营 | E9: 海外青训分校 | F9: 已证实（有来源） | G9: 现状未知 | L9: 2017 | M9: =IF(L9="","",说明!$B$4-L9) -> 9 | N9: 2017-11-29签约成立，国米在华第4家青训学院；现状未核实 | O9: 32 | P9: 1410 | R9: =IF(AND(P9="",O9=""),"",IF(OR(N(P9)>=说明!$B$5,N(O9)>=说明!$B$6),"大型",IF(OR(N(P9)>=说明!$B$7,N(O9)>=说明!$B$8),"中型","小型"))) -> 大型 | S9: 2017年成立时：覆盖59所学校、1410名4–18岁青少年；国米派2名意大利教练+30名中方教练（教练、学员数均为2017年数据） | T9: 4–18岁 | Y9: 萨内蒂出席开幕 | Z9: https://www.inter.it/zh/news/2017-11-29-国米青训学院在中国的新发展 https://www.chinanews.com.cn/m/ty/2017/11-29/8388410.shtml https://sports.cri.cn/20171130/87df7f6a-6e79-4fd8-ac89-c3118bcc909c.html | AA9: 中 | AB9: 学员数为2017年成立时数据
A10: 9 | B10: 全市/多区 | C10: 皇马（中国）青少年足球训练营 · 成都 | D10: 皇家马德里基金会 | E10: 海外青训分校 | F10: 已证实（有来源） | G10: 现状未知 | L10: 2015 | M10: =IF(L10="","",说明!$B$4-L10) -> 11 | N10: 2015年7月起的冬/夏令营项目（非常设学校） | R10: =IF(AND(P10="",O10=""),"",IF(OR(N(P10)>=说明!$B$5,N(O10)>=说明!$B$6),"大型",IF(OR(N(P10)>=说明!$B$7,N(O10)>=说明!$B$8),"中型","小型"))) | T10: 7–17岁 | Z10: https://baike.baidu.com/item/%E7%9A%87%E9%A9%AC%EF%BC%88%E4%B8%AD%E5%9B%BD%EF%BC%89%E9%9D%92%E5%B0%91%E5%B9%B4%E8%B6%B3%E7%90%83%E8%AE%AD%E7%BB%83%E8%90%A5/17567316 | AA10: 低
A11: 10 | B11: 全市/多区 | C11: 阿森纳（中国）足球学校成都分院 | D11: Arsenal Soccer Schools | E11: 海外青训分校 | F11: 已证实（有来源） | G11: 待核实 | M11: =IF(L11="","",说明!$B$4-L11) | R11: =IF(AND(P11="",O11=""),"",IF(OR(N(P11)>=说明!$B$5,N(O11)>=说明!$B$6),"大型",IF(OR(N(P11)>=说明!$B$7,N(O11)>=说明!$B$8),"中型","小型"))) | X11: 寒假免费体验（较早报道） | Z11: https://m.sohu.com/n/479553636/?wscrid=95360_1 https://sponsorship.sportbusiness.com/news/arsenal-pens-partnership-for-chinese-soccer-schools/ | AA11: 低 | AB11: 现状不明
A12: 11 | B12: 全市/多区 | C12: 成都蓉城足球俱乐部青训 | D12: 成都蓉城 | E12: 职业俱乐部青训 | F12: 已证实（有来源） | G12: 运营中 | I12: 成都市锦江区茶花街与杨树街交叉口西北20米 | K12: 微博 @成都蓉城足球俱乐部 | L12: 2018 | M12: =IF(L12="","",说明!$B$4-L12) -> 8 | N12: 俱乐部2018-03-07工商注册（兴城集团与德瑞组建） | P12: 260 | R12: =IF(AND(P12="",O12=""),"",IF(OR(N(P12)>=说明!$B$5,N(O12)>=说明!$B$6),"大型",IF(OR(N(P12)>=说明!$B$7,N(O12)>=说明!$B$8),"中型","小型"))) -> 中型 | S12: 2023年：U13、U14、U15、U17、U19五支梯队及U21预备队；B队征战中乙。西甲联盟专家认为梯队仍需细化；2024年：U8–U19日常训练260余名（经德瑞体系） | T12: U13–U21 | Y12: 2024年22名梯队球员入选各级国字号；与西甲联盟开展战略青训合作；合作学校含棠外、列五、棠中 | Z12: https://cbgc.scol.com.cn/news/7684664 https://paper.people.com.cn/rmrb/html/2023-06/15/nw.D110000renmrb_20230615_2-08.htm https://finance.sina.cn/2026-01-23/detail-inhifvnc6670494.d.html https://www.cdrb.com.cn/epaper/cdrbpc/202303/24/c112339.html https://news.qq.com/rain/a/20250322A04DVW00 360地图 POI（restapi.map.so.com） https://huodong.com/venue/detail/lqmfte https://m.sohu.com/a/792586022_121106884/?pvid=000115_3w_a https://www.sohu.com/a/876115009_121124668 | AA12: 高 | AB12: 青训基地具体地址未获公开来源确认
A13: 12 | B13: 全市/多区 | C13: 成都市足球协会 | D13: 成都足协 | E13: 协会 | F13: 协会（组织/承办青少年赛事） | G13: 运营中 | I13: 成都市金牛区一环路西三段196号（注册地址） | K13: 官网 chengdufa.org.cn | L13: 1992 | M13: =IF(L13="","",说明!$B$4-L13) -> 34 | N13: 百度百科：1992年3月29日成立；5A级社团，主管单位成都市体育局 | Q13: 温江基地；FF足球公园（多数来源称在青羊区光华大道一段）；地图收录：四川省足球协会（武侯区）成都市武侯区玉林街道一环路南3段-16号-附36号；地图收录：成都市足球协会（温江区）成都市温江区天府街道金府路；地图收录：成都市青白江区足球协会（青白江区）成都市青白江区大同西路4号；地图收录：郫都区足球协会（郫都区）成都市郫都区郫筒街道成灌西路152号附12号；地图收录：武侯区足球协会（武侯区）成都市武侯区机投桥街道九康四路；地图收录：金堂县足球协会（金堂县）成都市金堂县金广路与江城路交叉口南320米；地图收录：邛崃市足球协会（邛崃市）成都市邛崃市君平大道100号；地图收录：都江堰市足球协会（都江堰市）成都市都江堰市银杏街道尚阳大道76号；地图收录：成都市温江区足球协会（温江区）成都市温江区柳城街道凤溪大道北段55号；地图收录：成都市温江区足球协会基地（温江区）成都市温江区范围内；地图收录：成都市温江区足球球迷协会（温江区）成都市温江区柳城街道南浦路西段与柳浪湾北三巷交叉路口东侧(柳浪湾北三巷7号院)；地图收录：成都市双流区足球运动协会（双流区）成都市双流区东升街道花园路体育中心；地图收录：彭州市篮球协会青训基地（彭州市）成都市彭州市天府西路198号 | R13: =IF(AND(P13="",O13=""),"",IF(OR(N(P13)>=说明!$B$5,N(O13)>=说明!$B$6),"大型",IF(OR(N(P13)>=说明!$B$7,N(O13)>=说明!$B$8),"中型","小型"))) | S13: 注册地址在金牛区。以23个区（市）县足协为会员体系；管理温江培训基地、FF足球公园、城东足球公园。2025年举办17项市级青少年赛事：2068支队、2.5万余名球员、5739场（人民日报2026-01-27）。“蓉城杯”青训俱乐部联赛2016年起举办（2023-24赛季48队、6个级别）。约2016年报道：在足协备案的青少年俱乐部超过50家 | Y13: 2026年1月中国足协确定成都为5个共建大区青训中心城市之一（覆盖川滇黔，13–15岁）；成都U15获2025巴西“艾雪杯”冠军；成都蓉城一线队约40%、B队约60%球员出自成都足协（德瑞）青训体系 | Z13: https://www.thecfa.cn/huiyuandanwei/ https://baike.baidu.com/item/%E6%88%90%E9%83%BD%E5%B8%82%E8%B6%B3%E7%90%83%E5%8D%8F%E4%BC%9A/49724790 https://www.thecfa.cn/qxunzx/20180903/24556.html http://paper.people.com.cn/rmrb/pc/content/202601/27/content_30135893.html https://news.chengdu.cn/2026/0127/69786dee6399f93fa7c79b43.shtml?phone=yes http://www.chengdufa.org.cn/fa/1?local=1 360地图 POI（restapi.map.so.com） https://huodong.com/venue/detail/zhssai https://huodong.com/venue/detail/kmvfee https://huodong.com/venue/detail/wtucfb | AA13: 高
A14: 13 | B14: 全市/多区 | C14: 成都足协德瑞足球培训中心（成都德瑞足球培训中心有限公司） | D14: 德瑞（早期名“中法德瑞”） | E14: 协会 | F14: 协会（组织/承办青少年赛事） | G14: 运营中 | I14: 工商注册地：高新区西部区银河东路15幢；训练：成都足协温江基地、FF足球公园（青羊区） | L14: 2002 | M14: =IF(L14="","",说明!$B$4-L14) -> 24 | N14: 2002年由成都足协与法国梅斯俱乐部合作创立；公司2004-09-28登记；2018年与兴城集团共同出资组建成都蓉城前身；另有资料以公司登记年份2004为成立年份 | P14: 260 | Q14: 温江基地；FF足球公园 | R14: =IF(AND(P14="",O14=""),"",IF(OR(N(P14)>=说明!$B$5,N(O14)>=说明!$B$6),"大型",IF(OR(N(P14)>=说明!$B$7,N(O14)>=说明!$B$8),"中型","小型"))) -> 中型 | S14: 2024年访谈：U8–U19男足全年龄段梯队，日常训练260余名（学员数取此口径）。其他口径：早期推介页称球员600余名、教练50名（外教4名）；百科称在训500余名、教练60余名。重点年龄段配葡萄牙外教团队 | T14: U8–U19 | Y14: 国家体育总局称蓉城一线队13人（约40%）出自德瑞；向成外、列五、棠外、棠中等布点校输送；2024年22名蓉城梯队球员入选各级国字号 | Z14: https://baike.baidu.com/item/%E6%88%90%E9%83%BD%E5%BE%B7%E7%91%9E%E8%B6%B3%E7%90%83%E5%9F%B9%E8%AE%AD%E4%B8%AD%E5%BF%83%E6%9C%89%E9%99%90%E5%85%AC%E5%8F%B8/55877523 https://sports.sina.cn/china/other/2018-03-22/detail-ifysnevk4889363.d.html https://www.sport.gov.cn/n20001280/n20745751/c28915902/content.html https://m.dongqiudi.com/article/4391545.html https://view.inews.qq.com/a/20240712A02JQ300 | AA14: 中
A15: 14 | B15: 全市/多区 | C15: 动因体育（成都） | D15: 动因体育 | E15: 培训机构 | F15: 待核实（来源未证实青训业务） | G15: 待核实 | I15: 先锋店：成华区一环东路三段170号 | M15: =IF(L15="","",说明!$B$4-L15) | Q15: 乐宾、金沙、迎晖路、青龙、翡翠城、东坡、优品道、红牌楼、凯德风尚、九眼桥、杰喜美、先锋 | R15: =IF(AND(P15="",O15=""),"",IF(OR(N(P15)>=说明!$B$5,N(O15)>=说明!$B$6),"大型",IF(OR(N(P15)>=说明!$B$7,N(O15)>=说明!$B$8),"中型","小型"))) | S15: 品牌面向4–17岁，项目含足球、篮球等；所列成都门店多标注为篮球 | T15: 4–17岁 | Z15: https://www.youkee.com/xiaoqu/16808.html https://baike.baidu.com/item/%E5%8A%A8%E5%9B%A0%E4%BD%93%E8%82%B2/22313895 | AA15: 低 | AB15: 未确认有门店开设足球课
